campaign_id,month,region,channel,campaign_theme,spend,impressions,clicks,leads,attributed_orders,target_roi
MKT00001,2025-08,华东,直播,清仓转化,114756.15,1107567,28316,7195,2401,2.5
MKT00002,2025-08,华东,电商,清仓转化,203382.58,1740364,83811,17826,6336,2.5
MKT00003,2025-08,华东,门店,新品首发,81590.18,936801,29078,6211,1543,3.5
MKT00004,2025-08,华东,经销商,会员增长,151331.48,1320803,47649,7718,1565,2.5
MKT00005,2025-08,华东,企业采购,内容种草,142614.11,1621651,45417,7885,1668,2.5
MKT00006,2025-08,华北,直播,内容种草,95242.09,883779,26393,3571,999,3.0
MKT00007,2025-08,华北,电商,新品首发,135767.62,1253014,51434,8471,2171,2.5
MKT00008,2025-08,华北,门店,会员增长,128101.59,1491002,63654,11962,2235,3.5
MKT00009,2025-08,华北,经销商,节日大促,68451.91,871554,36921,8198,1567,4.0
MKT00010,2025-08,华北,企业采购,清仓转化,185340.23,2489801,99428,20761,6752,4.0
MKT00011,2025-08,华南,直播,会员增长,114383.29,1108268,67652,16250,4912,3.0
MKT00012,2025-08,华南,电商,清仓转化,197024.29,1921154,112736,20636,5959,2.5
MKT00013,2025-08,华南,门店,内容种草,196833.12,1819445,51698,12798,4741,4.0
MKT00014,2025-08,华南,经销商,节日大促,219607.61,2230037,88867,22915,5289,2.5
MKT00015,2025-08,华南,企业采购,新品首发,119313.95,1152893,50103,12941,2506,2.5
MKT00016,2025-08,华中,直播,清仓转化,143629.93,1626388,70430,16421,3088,3.0
MKT00017,2025-08,华中,电商,会员增长,125088.64,1561876,49866,9941,2463,3.5
MKT00018,2025-08,华中,门店,内容种草,208891.75,1952903,70015,15703,4812,3.0
MKT00019,2025-08,华中,经销商,清仓转化,68494.18,622269,19136,5225,1907,2.5
MKT00020,2025-08,华中,企业采购,清仓转化,106203.61,1082552,38583,8276,2309,3.5
MKT00021,2025-08,西南,直播,节日大促,219938.24,2018350,128641,30295,9361,3.0
MKT00022,2025-08,西南,电商,清仓转化,177025.24,2208977,125119,18372,3328,3.0
MKT00023,2025-08,西南,门店,节日大促,91388.97,1067048,68826,12066,2942,2.5
MKT00024,2025-08,西南,经销商,节日大促,66136.9,745354,44781,7968,1921,3.0
MKT00025,2025-08,西南,企业采购,内容种草,127882.93,1217110,49669,7560,1602,3.5
MKT00026,2025-08,东北,直播,内容种草,118633.19,1412854,80646,11654,2351,4.0
MKT00027,2025-08,东北,电商,内容种草,167372.6,1506326,83648,14972,4766,4.0
MKT00028,2025-08,东北,门店,节日大促,106224.03,1255642,33386,5342,1853,2.5
MKT00029,2025-08,东北,经销商,节日大促,94264.25,1179711,46672,7041,1691,2.5
MKT00030,2025-08,东北,企业采购,会员增长,133421.72,1160101,41684,9200,2169,3.0
MKT00031,2025-09,华东,直播,清仓转化,170288.16,1495372,43710,5725,1615,4.0
MKT00032,2025-09,华东,电商,会员增长,149122.65,1394693,44222,10373,3415,2.5
MKT00033,2025-09,华东,门店,新品首发,71634.98,689933,22763,5173,1879,3.5
MKT00034,2025-09,华东,经销商,清仓转化,170789.18,1532807,61128,14186,3517,4.0
MKT00035,2025-09,华东,企业采购,会员增长,219198.75,2680387,152692,22160,7847,3.0
MKT00036,2025-09,华北,直播,清仓转化,171515.47,2180430,76544,17386,5606,4.0
MKT00037,2025-09,华北,电商,新品首发,112052.06,1031327,52444,11226,4001,4.0
MKT00038,2025-09,华北,门店,节日大促,151000.9,1992832,103947,27031,7703,2.5
MKT00039,2025-09,华北,经销商,新品首发,112938.86,1251644,80013,21889,8241,3.5
MKT00040,2025-09,华北,企业采购,节日大促,112950.43,1215007,69131,17374,4952,2.5
MKT00041,2025-09,华南,直播,新品首发,186642.49,2289734,111140,26808,7095,4.0
MKT00042,2025-09,华南,电商,节日大促,104052.13,1332784,72813,18663,5816,4.0
MKT00043,2025-09,华南,门店,清仓转化,109928.88,1402519,50499,12098,4505,3.0
MKT00044,2025-09,华南,经销商,内容种草,122615.91,1533576,40156,11145,3828,4.0
MKT00045,2025-09,华南,企业采购,内容种草,118739.64,1227537,71234,14943,3026,3.5
MKT00046,2025-09,华中,直播,新品首发,173221.23,1510812,94757,21883,4824,4.0
MKT00047,2025-09,华中,电商,节日大促,94820.49,1246452,68258,17424,3625,3.5
MKT00048,2025-09,华中,门店,清仓转化,86281.62,779476,23914,3959,809,4.0
MKT00049,2025-09,华中,经销商,清仓转化,93789.18,1131272,65334,14915,5377,2.5
MKT00050,2025-09,华中,企业采购,会员增长,188524.25,1959075,109670,15246,4289,2.5
MKT00051,2025-09,西南,直播,节日大促,149591.62,1741439,90432,23414,8417,2.5
MKT00052,2025-09,西南,电商,节日大促,197584.92,2499941,80855,20006,5324,4.0
MKT00053,2025-09,西南,门店,清仓转化,175004.96,2033526,120541,19693,3559,2.5
MKT00054,2025-09,西南,经销商,内容种草,86431.34,735127,40563,9540,2606,4.0
MKT00055,2025-09,西南,企业采购,节日大促,200647.52,2261796,66919,18543,4332,3.5
MKT00056,2025-09,东北,直播,新品首发,117705.34,1491330,71948,11948,3677,4.0
MKT00057,2025-09,东北,电商,节日大促,96537.91,1012656,45442,7015,1743,2.5
MKT00058,2025-09,东北,门店,内容种草,142278.43,1248151,70094,14393,2805,2.5
MKT00059,2025-09,东北,经销商,新品首发,163450.92,2084196,104917,19558,6169,3.0
MKT00060,2025-09,东北,企业采购,新品首发,100845.58,1100064,65119,18206,3525,4.0
MKT00061,2025-10,华东,直播,内容种草,134466.14,1145473,44188,10290,3928,3.0
MKT00062,2025-10,华东,电商,节日大促,103424.01,1336191,36063,8333,3286,3.0
MKT00063,2025-10,华东,门店,会员增长,66213.33,705236,33470,7558,1389,4.0
MKT00064,2025-10,华东,经销商,会员增长,152504.55,1547850,94535,16396,6091,3.5
MKT00065,2025-10,华东,企业采购,会员增长,81665.06,997370,49870,12720,2850,3.0
MKT00066,2025-10,华北,直播,新品首发,202197.33,1918803,78064,18196,6296,4.0
MKT00067,2025-10,华北,电商,节日大促,87024.31,776327,29758,6612,1714,2.5
MKT00068,2025-10,华北,门店,新品首发,81581.68,760363,49384,8305,1540,4.0
MKT00069,2025-10,华北,经销商,清仓转化,76361.96,1012121,43392,6213,1851,4.0
MKT00070,2025-10,华北,企业采购,会员增长,108249.35,1203644,58809,8208,1597,2.5
MKT00071,2025-10,华南,直播,内容种草,209459.42,2044970,101991,17046,3711,3.0
MKT00072,2025-10,华南,电商,清仓转化,211749.42,2655020,131088,19687,4439,2.5
MKT00073,2025-10,华南,门店,节日大促,213086.11,1925616,80848,11262,2151,3.5
MKT00074,2025-10,华南,经销商,内容种草,200574.48,2527803,105411,18420,4560,4.0
MKT00075,2025-10,华南,企业采购,节日大促,187694.25,1821941,86338,14697,3099,2.5
MKT00076,2025-10,华中,直播,节日大促,142088.33,1392798,87196,24295,7043,4.0
MKT00077,2025-10,华中,电商,新品首发,117041.98,1570475,81336,20955,5067,3.5
MKT00078,2025-10,华中,门店,内容种草,115275.53,1479553,91296,14173,4143,4.0
MKT00079,2025-10,华中,经销商,节日大促,194141.4,1844521,118379,20480,4723,2.5
MKT00080,2025-10,华中,企业采购,清仓转化,175460.47,2273757,85003,14069,3890,3.0
MKT00081,2025-10,西南,直播,会员增长,144754.72,1411148,87689,11049,3338,4.0
MKT00082,2025-10,西南,电商,清仓转化,197315.53,2031705,52604,13953,3668,2.5
MKT00083,2025-10,西南,门店,节日大促,108547.5,1095352,37121,10357,2187,3.0
MKT00084,2025-10,西南,经销商,内容种草,157091.41,2055912,71799,15493,2989,3.0
MKT00085,2025-10,西南,企业采购,清仓转化,217331.53,2238298,137598,18509,3739,3.0
MKT00086,2025-10,东北,直播,新品首发,87695.83,939488,58394,11349,3434,3.5
MKT00087,2025-10,东北,电商,清仓转化,108718.81,954535,47602,10427,2368,3.5
MKT00088,2025-10,东北,门店,新品首发,84734.93,777575,50379,11540,2921,2.5
MKT00089,2025-10,东北,经销商,内容种草,124257.49,1297325,80267,13162,2423,3.0
MKT00090,2025-10,东北,企业采购,清仓转化,131843.4,1677660,43800,8218,2279,3.5
MKT00091,2025-11,华东,直播,节日大促,66992.46,785606,48074,13098,3543,3.5
MKT00092,2025-11,华东,电商,节日大促,219650.07,2315753,112709,19580,5802,3.5
MKT00093,2025-11,华东,门店,清仓转化,119525.87,1515787,90444,19190,4800,4.0
MKT00094,2025-11,华东,经销商,内容种草,73160.4,765564,47932,6617,2677,2.5
MKT00095,2025-11,华东,企业采购,清仓转化,194471.15,2241821,96286,19203,5763,2.5
MKT00096,2025-11,华北,直播,会员增长,106536.81,1239662,78258,20581,8480,4.0
MKT00097,2025-11,华北,电商,节日大促,115730.28,1484662,88891,23063,6484,3.0
MKT00098,2025-11,华北,门店,会员增长,116085.82,1275346,72735,12695,3881,2.5
MKT00099,2025-11,华北,经销商,内容种草,161876.86,1735004,97604,23580,6664,4.0
MKT00100,2025-11,华北,企业采购,新品首发,186395.91,2437592,125299,19707,5659,3.5
MKT00101,2025-11,华南,直播,内容种草,140661.8,1789336,57063,10809,3576,3.0
MKT00102,2025-11,华南,电商,清仓转化,122838.1,1095383,62136,13907,2966,4.0
MKT00103,2025-11,华南,门店,节日大促,112400.97,1490265,61859,10608,4371,3.5
MKT00104,2025-11,华南,经销商,清仓转化,112300.27,1095747,31451,4257,846,2.5
MKT00105,2025-11,华南,企业采购,节日大促,148443.58,1331003,45885,7086,2237,3.0
MKT00106,2025-11,华中,直播,节日大促,135776.95,1764289,54373,11974,3934,3.5
MKT00107,2025-11,华中,电商,内容种草,172041.59,2316042,123933,18102,5188,3.0
MKT00108,2025-11,华中,门店,内容种草,93913.43,908925,41048,11385,3741,3.0
MKT00109,2025-11,华中,经销商,会员增长,211906.12,2150014,97897,15143,4373,3.5
MKT00110,2025-11,华中,企业采购,清仓转化,203221.16,2492772,139743,19911,5796,4.0
MKT00111,2025-11,西南,直播,内容种草,182029.02,2378961,140513,28727,10076,3.0
MKT00112,2025-11,西南,电商,节日大促,143778.49,1521137,96423,23724,5391,3.0
MKT00113,2025-11,西南,门店,节日大促,96073.69,1226179,49896,13075,3772,4.0
MKT00114,2025-11,西南,经销商,会员增长,172915.86,2083537,102508,17233,3128,4.0
MKT00115,2025-11,西南,企业采购,节日大促,127301.72,1681739,70530,13718,5665,4.0
MKT00116,2025-11,东北,直播,清仓转化,202722.08,2234931,133055,29242,11747,2.5
MKT00117,2025-11,东北,电商,新品首发,195390.33,1943759,63684,10677,3323,3.5
MKT00118,2025-11,东北,门店,会员增长,192858.11,2019596,65909,13907,4274,4.0
MKT00119,2025-11,东北,经销商,清仓转化,153056.31,1600038,52413,9377,3133,3.5
MKT00120,2025-11,东北,企业采购,节日大促,73716.16,924068,50477,13486,3007,3.5
MKT00121,2025-12,华东,直播,会员增长,96388.95,997893,47061,12283,2813,2.5
MKT00122,2025-12,华东,电商,会员增长,101380.87,1313026,75423,20763,3922,3.5
MKT00123,2025-12,华东,门店,清仓转化,106586.04,1242759,52657,9279,2244,2.5
MKT00124,2025-12,华东,经销商,新品首发,199609.52,2312614,129603,22517,5485,4.0
MKT00125,2025-12,华东,企业采购,清仓转化,162370.48,2117869,61175,9736,4066,3.5
MKT00126,2025-12,华北,直播,清仓转化,162571.76,2134773,118317,29544,7786,4.0
MKT00127,2025-12,华北,电商,内容种草,134974.23,1330718,34353,4845,1709,3.5
MKT00128,2025-12,华北,门店,新品首发,135740.19,1295512,54508,15035,3927,3.5
MKT00129,2025-12,华北,经销商,会员增长,140710.97,1650422,85033,12461,4386,4.0
MKT00130,2025-12,华北,企业采购,新品首发,99023.29,1189208,62177,11661,4224,3.0
MKT00131,2025-12,华南,直播,内容种草,72697.84,805059,30439,7686,2068,3.5
MKT00132,2025-12,华南,电商,会员增长,115499.89,1008702,59720,14957,3672,2.5
MKT00133,2025-12,华南,门店,内容种草,214340.36,1932347,107537,26432,7508,2.5
MKT00134,2025-12,华南,经销商,会员增长,219318.14,1875949,89963,14477,5909,3.5
MKT00135,2025-12,华南,企业采购,节日大促,119129.15,1606809,99188,17154,3582,3.5
MKT00136,2025-12,华中,直播,新品首发,190362.38,1985893,100659,17453,5940,3.5
MKT00137,2025-12,华中,电商,会员增长,193712.71,2337256,146299,26151,5847,4.0
MKT00138,2025-12,华中,门店,清仓转化,86937.85,833463,33168,7640,2613,4.0
MKT00139,2025-12,华中,经销商,节日大促,212854.71,2676923,147771,33645,13420,2.5
MKT00140,2025-12,华中,企业采购,清仓转化,117951.8,1335970,52688,6361,2553,3.5
MKT00141,2025-12,西南,直播,节日大促,66558.97,576565,16883,4405,1538,2.5
MKT00142,2025-12,西南,电商,新品首发,133766.02,1162856,43924,5339,1491,4.0
MKT00143,2025-12,西南,门店,新品首发,126802.01,1242905,54065,11360,3756,3.5
MKT00144,2025-12,西南,经销商,清仓转化,100235.63,1292273,35525,7163,2452,3.5
MKT00145,2025-12,西南,企业采购,节日大促,212933.52,2654058,159193,39822,13119,2.5
MKT00146,2025-12,东北,直播,清仓转化,111771.09,967751,60769,15486,6449,4.0
MKT00147,2025-12,东北,电商,新品首发,179831.73,2025894,55648,11843,2333,3.5
MKT00148,2025-12,东北,门店,新品首发,76169.82,832899,39922,6157,1417,4.0
MKT00149,2025-12,东北,经销商,内容种草,195323.49,2096921,71579,18526,3468,2.5
MKT00150,2025-12,东北,企业采购,内容种草,162278.97,2140420,71743,10712,4009,3.5
MKT00151,2026-01,华东,直播,清仓转化,94455.69,1114762,70451,10781,3328,2.5
MKT00152,2026-01,华东,电商,清仓转化,83487.69,792903,36088,4924,1010,3.0
MKT00153,2026-01,华东,门店,新品首发,86969.37,1142924,38036,8242,2499,2.5
MKT00154,2026-01,华东,经销商,内容种草,70126.14,635447,29749,8021,2324,2.5
MKT00155,2026-01,华东,企业采购,节日大促,125123.36,1587267,47339,10113,2448,2.5
MKT00156,2026-01,华北,直播,清仓转化,71796.12,702947,23096,6124,1887,2.5
MKT00157,2026-01,华北,电商,节日大促,151121.16,1734051,81806,12409,2417,4.0
MKT00158,2026-01,华北,门店,会员增长,115023.68,1323144,63103,15783,3079,3.5
MKT00159,2026-01,华北,经销商,新品首发,179544.61,1592423,86566,20640,5543,3.0
MKT00160,2026-01,华北,企业采购,节日大促,76978.28,934955,43539,7121,1291,3.0
MKT00161,2026-01,华南,直播,会员增长,156161.95,1714985,59369,9393,3035,3.0
MKT00162,2026-01,华南,电商,会员增长,86332.06,1061028,60078,16000,4889,3.0
MKT00163,2026-01,华南,门店,节日大促,160438.63,1690303,81845,21868,6384,3.0
MKT00164,2026-01,华南,经销商,会员增长,80422.13,877413,40851,5010,1366,3.0
MKT00165,2026-01,华南,企业采购,会员增长,179390.33,1726802,60808,8906,1873,3.5
MKT00166,2026-01,华中,直播,内容种草,144121.9,1433954,36239,4898,1159,4.0
MKT00167,2026-01,华中,电商,清仓转化,157715.7,1600893,64963,16037,2959,4.0
MKT00168,2026-01,华中,门店,节日大促,126978.19,1539511,74629,16837,5822,3.0
MKT00169,2026-01,华中,经销商,节日大促,93766.94,1098811,63054,16002,5051,3.0
MKT00170,2026-01,华中,企业采购,会员增长,218106.52,1863122,97281,19254,5926,4.0
MKT00171,2026-01,西南,直播,会员增长,112609.36,1450664,50892,10775,4499,2.5
MKT00172,2026-01,西南,电商,新品首发,203985.76,2719623,117862,28011,11259,4.0
MKT00173,2026-01,西南,门店,新品首发,75130.54,688013,31276,6942,2763,3.0
MKT00174,2026-01,西南,经销商,新品首发,171253.67,2066453,79678,19980,3835,3.0
MKT00175,2026-01,西南,企业采购,新品首发,179435.74,2231654,56023,12316,2294,4.0
MKT00176,2026-01,东北,直播,清仓转化,218327.85,2682897,150059,37330,7436,4.0
MKT00177,2026-01,东北,电商,会员增长,89572.2,820891,49693,10709,3244,3.5
MKT00178,2026-01,东北,门店,节日大促,94837.24,814013,27933,6326,1679,3.5
MKT00179,2026-01,东北,经销商,清仓转化,144377.11,1372254,35144,8363,2567,2.5
MKT00180,2026-01,东北,企业采购,会员增长,82832.96,837050,34122,8339,2671,4.0
MKT00181,2026-02,华东,直播,内容种草,180983.73,2200037,105538,20548,5091,3.0
MKT00182,2026-02,华东,电商,内容种草,140082.07,1471955,46783,12112,5059,3.0
MKT00183,2026-02,华东,门店,新品首发,198457.44,2339207,140374,30791,12595,3.0
MKT00184,2026-02,华东,经销商,节日大促,102755.59,1057713,53643,13910,5616,4.0
MKT00185,2026-02,华东,企业采购,会员增长,65712.5,815348,46544,6512,2287,2.5
MKT00186,2026-02,华北,直播,内容种草,77299.49,662147,33582,5875,1439,3.5
MKT00187,2026-02,华北,电商,节日大促,204793.37,2180694,132191,32825,11800,3.5
MKT00188,2026-02,华北,门店,新品首发,201526.56,1719237,67299,17448,4333,3.0
MKT00189,2026-02,华北,经销商,清仓转化,119083.17,1570862,60016,8210,2141,3.0
MKT00190,2026-02,华北,企业采购,清仓转化,141680.5,1226527,36905,5116,1032,4.0
MKT00191,2026-02,华南,直播,节日大促,218291.69,2564004,75542,18243,7592,4.0
MKT00192,2026-02,华南,电商,清仓转化,112744.96,982109,42116,8674,2747,2.5
MKT00193,2026-02,华南,门店,清仓转化,114213.67,1112416,52223,10126,4107,3.5
MKT00194,2026-02,华南,经销商,节日大促,125476.24,1109427,39036,10127,2976,2.5
MKT00195,2026-02,华南,企业采购,节日大促,217495.59,2689229,150106,37795,11501,3.0
MKT00196,2026-02,华中,直播,新品首发,214707.83,2258352,144602,19678,7111,4.0
MKT00197,2026-02,华中,电商,内容种草,105378.64,1098188,50672,6766,1911,4.0
MKT00198,2026-02,华中,门店,清仓转化,87465.88,897572,38550,9740,3810,3.5
MKT00199,2026-02,华中,经销商,新品首发,122343.55,1226068,65228,15377,5059,3.5
MKT00200,2026-02,华中,企业采购,新品首发,178765.54,1553059,65191,12968,2364,3.5
MKT00201,2026-02,西南,直播,清仓转化,207330.38,2217476,124773,16483,6069,3.5
MKT00202,2026-02,西南,电商,内容种草,168015.05,1704812,53481,12863,3929,4.0
MKT00203,2026-02,西南,门店,会员增长,219171.48,2172442,94804,25191,9778,3.5
MKT00204,2026-02,西南,经销商,节日大促,118960.15,1068430,62565,12559,2581,3.0
MKT00205,2026-02,西南,企业采购,节日大促,134608.94,1310957,75629,14526,5723,2.5
MKT00206,2026-02,东北,直播,新品首发,105015.96,1191296,67899,18163,7539,4.0
MKT00207,2026-02,东北,电商,会员增长,81348.91,706722,39113,6276,1965,3.5
MKT00208,2026-02,东北,门店,会员增长,92276.28,805821,20407,5575,2028,3.0
MKT00209,2026-02,东北,经销商,会员增长,167115.27,1711397,79636,20993,7102,4.0
MKT00210,2026-02,东北,企业采购,会员增长,157747.09,1897066,80572,16533,5594,2.5
MKT00211,2026-03,华东,直播,会员增长,206655.58,2780805,125428,32416,6124,3.0
MKT00212,2026-03,华东,电商,清仓转化,182897.59,2052218,133161,33051,9549,3.0
MKT00213,2026-03,华东,门店,会员增长,199133.54,2104966,124620,28716,8666,3.0
MKT00214,2026-03,华东,经销商,清仓转化,182373.23,2041746,88395,14605,3284,4.0
MKT00215,2026-03,华东,企业采购,内容种草,185804.93,1661668,61274,12009,2873,3.0
MKT00216,2026-03,华北,直播,节日大促,148758.49,1590915,64526,14578,5352,4.0
MKT00217,2026-03,华北,电商,会员增长,135641.74,1788309,52303,10672,2818,3.5
MKT00218,2026-03,华北,门店,会员增长,121345.01,1388268,71796,15340,6203,3.0
MKT00219,2026-03,华北,经销商,会员增长,216332.18,2387685,130091,16757,3060,2.5
MKT00220,2026-03,华北,企业采购,节日大促,153230.14,1694217,66321,15676,4653,2.5
MKT00221,2026-03,华南,直播,会员增长,119526.25,1314159,50154,9551,1856,3.0
MKT00222,2026-03,华南,电商,节日大促,180271.92,2200574,77151,12716,3514,4.0
MKT00223,2026-03,华南,门店,内容种草,80250.57,773853,32732,5669,1731,3.0
MKT00224,2026-03,华南,经销商,清仓转化,97412.02,884756,40202,10500,4210,3.5
MKT00225,2026-03,华南,企业采购,新品首发,191109.97,1799533,60314,8365,2323,2.5
MKT00226,2026-03,华中,直播,内容种草,193578.58,1728714,56743,15266,4866,2.5
MKT00227,2026-03,华中,电商,清仓转化,219526.9,2532292,99300,27374,8053,3.0
MKT00228,2026-03,华中,门店,会员增长,74394.74,698762,40128,5149,2077,3.5
MKT00229,2026-03,华中,经销商,内容种草,209275.96,1832139,79374,15541,4302,3.5
MKT00230,2026-03,华中,企业采购,会员增长,213638.22,2371878,71371,19136,6325,3.5
MKT00231,2026-03,西南,直播,清仓转化,199377.69,2041763,58571,14220,2668,4.0
MKT00232,2026-03,西南,电商,节日大促,83672.43,1039542,54908,10606,3818,3.0
MKT00233,2026-03,西南,门店,节日大促,116654.23,1412691,91622,12618,3097,3.0
MKT00234,2026-03,西南,经销商,新品首发,72153.01,772212,41497,6138,2459,4.0
MKT00235,2026-03,西南,企业采购,节日大促,165919.69,1678393,94386,16794,6401,3.5
MKT00236,2026-03,东北,直播,会员增长,164682.74,2172474,110773,15681,3770,3.5
MKT00237,2026-03,东北,电商,节日大促,85375.14,845954,40926,8684,1928,4.0
MKT00238,2026-03,东北,门店,内容种草,66740.92,636532,26867,7390,2118,3.5
MKT00239,2026-03,东北,经销商,会员增长,153841.2,2017957,94124,24173,7745,3.0
MKT00240,2026-03,东北,企业采购,清仓转化,70404.76,733998,35668,6808,2077,3.5
MKT00241,2026-04,华东,直播,新品首发,195696.7,2010348,96083,20850,5124,2.5
MKT00242,2026-04,华东,电商,清仓转化,77690.25,684349,34064,8903,1917,4.0
MKT00243,2026-04,华东,门店,会员增长,112070.14,1233305,43402,8208,1534,3.0
MKT00244,2026-04,华东,经销商,清仓转化,160322.12,1950111,52278,14017,4296,3.0
MKT00245,2026-04,华东,企业采购,新品首发,133039.97,1141149,53265,8877,2935,3.5
MKT00246,2026-04,华北,直播,新品首发,145879.71,1900837,113076,25216,8454,3.5
MKT00247,2026-04,华北,电商,节日大促,90503.55,1079100,57644,15112,3023,4.0
MKT00248,2026-04,华北,门店,内容种草,99854.2,1015096,27083,7085,2327,3.0
MKT00249,2026-04,华北,经销商,内容种草,97562.3,1265091,72246,19999,5154,3.0
MKT00250,2026-04,华北,企业采购,内容种草,75018.03,742806,26576,6985,2436,3.5
MKT00251,2026-04,华南,直播,清仓转化,179214.58,2244035,56472,10607,2155,4.0
MKT00252,2026-04,华南,电商,节日大促,154359.05,1480265,68220,18819,5501,3.5
MKT00253,2026-04,华南,门店,节日大促,154901.62,1990553,80505,9759,3455,2.5
MKT00254,2026-04,华南,经销商,内容种草,98380.08,1039812,27792,6087,2479,2.5
MKT00255,2026-04,华南,企业采购,内容种草,142489.73,1282441,42420,5677,2351,2.5
MKT00256,2026-04,华中,直播,内容种草,203799.1,1797585,86019,22737,5590,3.5
MKT00257,2026-04,华中,电商,新品首发,169383.95,1517429,43841,10489,3361,2.5
MKT00258,2026-04,华中,门店,节日大促,193527.09,1755150,82148,22683,5495,3.5
MKT00259,2026-04,华中,经销商,新品首发,174601.95,1904623,97523,21766,7436,3.0
MKT00260,2026-04,华中,企业采购,新品首发,197984.43,2070839,133797,18561,5230,4.0
MKT00261,2026-04,西南,直播,会员增长,195516.93,2479513,62490,12871,3434,3.5
MKT00262,2026-04,西南,电商,节日大促,90258.7,865238,23828,4792,1161,3.5
MKT00263,2026-04,西南,门店,会员增长,86756.04,1016776,48302,12572,4449,2.5
MKT00264,2026-04,西南,经销商,新品首发,188427.57,1656090,47527,8561,1855,3.5
MKT00265,2026-04,西南,企业采购,新品首发,81883.78,725819,20911,3326,1310,3.0
MKT00266,2026-04,东北,直播,清仓转化,218523.2,1914747,114077,26349,10528,3.0
MKT00267,2026-04,东北,电商,节日大促,150620.83,1434525,54587,8454,3161,4.0
MKT00268,2026-04,东北,门店,会员增长,84874.94,831345,24796,5668,1686,3.5
MKT00269,2026-04,东北,经销商,会员增长,70211.65,697905,17905,2727,503,2.5
MKT00270,2026-04,东北,企业采购,内容种草,127245.31,1164715,53788,6980,2135,3.5
MKT00271,2026-05,华东,直播,新品首发,72299.2,684916,17574,4795,1142,2.5
MKT00272,2026-05,华东,电商,清仓转化,210247.02,2728775,167390,41988,15125,2.5
MKT00273,2026-05,华东,门店,节日大促,81017.95,833648,49530,8092,2965,2.5
MKT00274,2026-05,华东,经销商,清仓转化,185496.96,2218785,55661,11523,4722,4.0
MKT00275,2026-05,华东,企业采购,会员增长,150184.55,1585650,71239,13151,3184,2.5
MKT00276,2026-05,华北,直播,新品首发,82235.91,830846,25578,4682,1270,3.0
MKT00277,2026-05,华北,电商,新品首发,108631.02,1363833,40645,7693,1839,3.0
MKT00278,2026-05,华北,门店,清仓转化,141665.1,1600612,83622,22205,5299,3.5
MKT00279,2026-05,华北,经销商,内容种草,117968.04,1316469,42746,9536,2572,2.5
MKT00280,2026-05,华北,企业采购,内容种草,87142.45,1012702,42004,10199,2897,3.0
MKT00281,2026-05,华南,直播,清仓转化,153180.22,1773416,89292,10815,4529,2.5
MKT00282,2026-05,华南,电商,节日大促,160906.52,2056818,114988,21682,4196,3.5
MKT00283,2026-05,华南,门店,清仓转化,79332.06,816974,36884,6572,1276,3.0
MKT00284,2026-05,华南,经销商,节日大促,86880.7,1020779,43930,6189,1459,3.0
MKT00285,2026-05,华南,企业采购,清仓转化,140215.67,1746223,46670,8638,2519,4.0
MKT00286,2026-05,华中,直播,清仓转化,160102.77,2098663,77665,18105,4970,3.5
MKT00287,2026-05,华中,电商,节日大促,188800.4,2525972,147380,27873,5346,4.0
MKT00288,2026-05,华中,门店,节日大促,119719.14,1600342,78872,19103,4623,3.5
MKT00289,2026-05,华中,经销商,内容种草,110613.91,1075188,61394,8915,2175,3.0
MKT00290,2026-05,华中,企业采购,节日大促,96727.05,841021,49154,10493,2927,3.0
MKT00291,2026-05,西南,直播,新品首发,81869.72,924581,34024,6866,1442,4.0
MKT00292,2026-05,西南,电商,清仓转化,117690.91,1059571,64958,15655,6419,3.5
MKT00293,2026-05,西南,门店,清仓转化,208595.54,2785974,155399,33347,11097,3.5
MKT00294,2026-05,西南,经销商,内容种草,84758.54,834647,31427,8076,2427,4.0
MKT00295,2026-05,西南,企业采购,清仓转化,110672.28,1284563,67012,14863,3127,3.0
MKT00296,2026-05,东北,直播,内容种草,104616.81,1076469,46846,8687,2751,3.5
MKT00297,2026-05,东北,电商,会员增长,142347.73,1627324,80516,10455,2903,2.5
MKT00298,2026-05,东北,门店,会员增长,80068.42,968788,44092,5437,2184,2.5
MKT00299,2026-05,东北,经销商,节日大促,110434.85,1099024,62187,9180,2722,2.5
MKT00300,2026-05,东北,企业采购,会员增长,149920.11,1950777,120198,21417,8117,3.5
MKT00301,2026-06,华东,直播,节日大促,220048.81,2559240,104895,14007,1682,2.5
MKT00302,2026-06,华东,电商,内容种草,194088.08,2577298,107944,23552,7294,2.5
MKT00303,2026-06,华东,门店,内容种草,197963.01,2634415,128697,15628,6486,3.5
MKT00304,2026-06,华东,经销商,新品首发,207080.24,1965511,82402,17089,3719,2.5
MKT00305,2026-06,华东,企业采购,新品首发,116768.35,1509694,67165,15460,5511,3.5
MKT00306,2026-06,华北,直播,清仓转化,155079.09,1767582,67618,12872,3768,2.5
MKT00307,2026-06,华北,电商,清仓转化,133339.29,1741077,73614,12278,4673,2.5
MKT00308,2026-06,华北,门店,内容种草,138708.74,1572143,94170,19918,7252,3.0
MKT00309,2026-06,华北,经销商,新品首发,71990.92,746042,22953,6350,1596,3.5
MKT00310,2026-06,华北,企业采购,内容种草,169623.01,2194256,141494,28746,7168,4.0
MKT00311,2026-06,华南,直播,会员增长,129470.15,1323064,36882,8395,2369,3.0
MKT00312,2026-06,华南,电商,清仓转化,201985.8,2103984,127961,33651,6834,4.0
MKT00313,2026-06,华南,门店,会员增长,165750.58,2020535,122569,26203,6569,3.5
MKT00314,2026-06,华南,经销商,会员增长,203165.54,2417464,74484,10312,3302,2.5
MKT00315,2026-06,华南,企业采购,新品首发,193128.4,2009150,80103,16118,4224,3.5
MKT00316,2026-06,华中,直播,会员增长,210662.4,2009007,52436,6926,2265,3.5
MKT00317,2026-06,华中,电商,内容种草,184879.11,1968731,82847,22001,4038,3.0
MKT00318,2026-06,华中,门店,会员增长,206857.9,1794614,55864,12663,2741,3.0
MKT00319,2026-06,华中,经销商,会员增长,195896.25,2209783,73682,16275,3428,2.5
MKT00320,2026-06,华中,企业采购,清仓转化,75941.33,870399,22780,6347,2541,3.5
MKT00321,2026-06,西南,直播,节日大促,124902.92,1139622,39578,9680,3514,3.0
MKT00322,2026-06,西南,电商,内容种草,89175.42,1022548,42718,9941,2378,2.5
MKT00323,2026-06,西南,门店,清仓转化,108743.91,1066807,41670,7538,2388,2.5
MKT00324,2026-06,西南,经销商,新品首发,182885.6,1885462,102929,20130,6693,2.5
MKT00325,2026-06,西南,企业采购,清仓转化,176163.59,2029614,53862,11462,3491,2.5
MKT00326,2026-06,东北,直播,内容种草,188635.5,2441707,86118,18035,4536,3.5
MKT00327,2026-06,东北,电商,清仓转化,217322.19,2115571,130921,30162,8506,3.5
MKT00328,2026-06,东北,门店,会员增长,215486.64,2182040,87249,13084,4005,4.0
MKT00329,2026-06,东北,经销商,内容种草,139200.68,1733276,84772,13072,4807,2.5
MKT00330,2026-06,东北,企业采购,清仓转化,160839.37,1369682,77073,20497,4870,3.5
MKT00331,2026-07,华东,直播,清仓转化,274743.76,2716515,106859,15552,1628,3.0
MKT00332,2026-07,华东,电商,节日大促,79996.4,889684,38432,9594,2709,3.5
MKT00333,2026-07,华东,门店,清仓转化,166655.23,1601899,93758,19572,4110,2.5
MKT00334,2026-07,华东,经销商,会员增长,160737.4,1489550,37248,5711,1300,3.5
MKT00335,2026-07,华东,企业采购,清仓转化,80715.8,1020007,64132,11090,2140,3.0
MKT00336,2026-07,华北,直播,节日大促,100750.49,1144027,46692,12464,4851,4.0
MKT00337,2026-07,华北,电商,节日大促,89689.98,1093026,39201,5715,2252,3.0
MKT00338,2026-07,华北,门店,会员增长,137199.55,1450360,66590,13573,3076,2.5
MKT00339,2026-07,华北,经销商,清仓转化,137422.15,1395066,41310,9759,2345,4.0
MKT00340,2026-07,华北,企业采购,清仓转化,143116.48,1292350,79211,13157,4710,3.0
MKT00341,2026-07,华南,直播,内容种草,197575.37,2638085,142365,28579,8407,2.5
MKT00342,2026-07,华南,电商,新品首发,201394.11,1880239,79858,12959,4476,2.5
MKT00343,2026-07,华南,门店,清仓转化,165592.11,1788725,65107,11232,2357,3.0
MKT00344,2026-07,华南,经销商,会员增长,173731.7,2316520,143414,32451,8767,4.0
MKT00345,2026-07,华南,企业采购,会员增长,115349.47,1062658,48923,8857,2157,3.0
MKT00346,2026-07,华中,直播,新品首发,173198.04,1883584,48060,8644,1707,3.0
MKT00347,2026-07,华中,电商,清仓转化,170217.7,1566603,51258,11924,2287,4.0
MKT00348,2026-07,华中,门店,新品首发,134862.57,1556488,56437,11332,3595,3.0
MKT00349,2026-07,华中,经销商,会员增长,103779.76,1218753,40547,5514,1145,3.0
MKT00350,2026-07,华中,企业采购,节日大促,70233.95,896442,38794,6763,1288,4.0
MKT00351,2026-07,西南,直播,节日大促,137066.02,1315021,84575,12217,3926,3.0
MKT00352,2026-07,西南,电商,会员增长,106352.49,1209365,71123,17982,4325,3.0
MKT00353,2026-07,西南,门店,节日大促,113792.1,991004,54081,13054,5224,2.5
MKT00354,2026-07,西南,经销商,会员增长,128036.24,1475794,89118,23305,8516,4.0
MKT00355,2026-07,西南,企业采购,节日大促,71236.3,720482,18181,3285,928,3.0
MKT00356,2026-07,东北,直播,会员增长,83396.6,960217,40086,5639,1503,4.0
MKT00357,2026-07,东北,电商,节日大促,176367.6,2277131,108203,15434,4876,2.5
MKT00358,2026-07,东北,门店,会员增长,66931.71,812925,20564,2983,760,2.5
MKT00359,2026-07,东北,经销商,内容种草,161673.99,1456092,60921,16067,5728,2.5
MKT00360,2026-07,东北,企业采购,会员增长,217587.3,2808421,117019,24299,8574,2.5
