order_id,order_date,month,customer_id,product_id,region,channel,quantity,revenue,cost,gross_margin,discount_rate
O00001,2026-04-17,2026-04,C0051,P002,东北,直播,4,2908,1952.67,955.33,0
O00002,2026-01-19,2026-01,C0086,P004,华北,门店,3,5055,3771.12,1283.88,0
O00003,2026-06-14,2026-06,C0019,P006,西南,线上,3,996.36,565.83,430.53,0.08
O00004,2026-04-12,2026-04,C0021,P008,华南,直播,2,697.0,485.77,211.23,0.15
O00005,2026-03-28,2026-03,C0026,P007,华南,线上,3,2196,1511.53,684.47,0
O00006,2026-03-28,2026-03,C0057,P008,华北,经销商,1,823.65,538.19,285.46,0.05
O00007,2026-05-12,2026-05,C0015,P002,东北,线上,2,588,316.13,271.87,0
O00008,2026-02-16,2026-02,C0097,P005,华东,经销商,2,3234.72,2567.96,666.76,0.08
O00009,2026-04-14,2026-04,C0069,P003,东北,线上,5,5740.8,4250.3,1490.5,0.08
O00010,2026-03-13,2026-03,C0103,P001,华东,线上,2,1902,1024.69,877.31,0
O00011,2026-06-12,2026-06,C0103,P002,华东,线上,3,677.7,551.61,126.09,0.1
O00012,2026-03-09,2026-03,C0059,P002,华东,经销商,1,696.6,455.0,241.6,0.1
O00013,2026-06-09,2026-06,C0006,P003,华东,门店,5,7665,5822.19,1842.81,0
O00014,2026-03-09,2026-03,C0024,P001,华东,门店,2,1220.6,790.74,429.86,0.15
O00015,2026-03-16,2026-03,C0065,P008,西南,经销商,2,1204.6,906.89,297.71,0.05
O00016,2026-01-10,2026-01,C0003,P001,华东,门店,5,6040,3742.97,2297.03,0
O00017,2026-04-25,2026-04,C0085,P002,东北,直播,4,5240.32,3589.33,1650.99,0.08
O00018,2026-05-10,2026-05,C0089,P005,西南,门店,2,1045.0,567.1,477.9,0.05
O00019,2026-04-14,2026-04,C0007,P006,东北,经销商,2,218,143.09,74.91,0
O00020,2026-04-21,2026-04,C0008,P003,东北,经销商,1,1326.64,1063.15,263.49,0.08
O00021,2026-06-03,2026-06,C0089,P004,西南,经销商,3,474.72,263.76,210.96,0.08
O00022,2026-04-25,2026-04,C0034,P001,西南,线上,3,2033.1,1257.73,775.37,0.1
O00023,2026-03-21,2026-03,C0046,P004,华南,直播,2,155.8,94.45,61.35,0.05
O00024,2026-03-13,2026-03,C0032,P004,华东,线上,5,8345,4005.44,4339.56,0
O00025,2026-02-06,2026-02,C0076,P007,西南,门店,1,886,486.31,399.69,0
O00026,2026-01-22,2026-01,C0085,P003,东北,直播,5,4165.75,3016.11,1149.64,0.05
O00027,2026-02-08,2026-02,C0093,P005,东北,直播,5,6985,3244.18,3740.82,0
O00028,2026-06-29,2026-06,C0117,P003,华北,线上,5,7294.5,5167.73,2126.77,0.1
O00029,2026-06-25,2026-06,C0011,P004,华南,线上,1,165,108.94,56.06,0
O00030,2026-04-07,2026-04,C0072,P008,华北,门店,1,1365,896.33,468.67,0
O00031,2026-05-06,2026-05,C0001,P005,华北,线上,4,6852,4775.35,2076.65,0
O00032,2026-06-18,2026-06,C0096,P002,东北,门店,4,2384,1738.47,645.53,0
O00033,2026-02-22,2026-02,C0095,P004,华北,经销商,4,4014.88,2074.31,1940.57,0.08
O00034,2026-01-12,2026-01,C0010,P004,东北,经销商,5,1809.75,1016.89,792.86,0.05
O00035,2026-06-09,2026-06,C0002,P003,华东,线上,4,750.72,439.58,311.14,0.08
O00036,2026-06-27,2026-06,C0087,P004,华东,直播,4,2295.0,1675.23,619.77,0.15
O00037,2026-04-30,2026-04,C0099,P008,华南,线上,1,1204,665.63,538.37,0
O00038,2026-05-02,2026-05,C0038,P001,华南,直播,4,849.6,726.39,123.21,0.1
O00039,2026-03-10,2026-03,C0027,P007,华东,经销商,2,417.6,222.63,194.97,0.1
O00040,2026-04-03,2026-04,C0078,P003,华东,门店,5,3260,2223.65,1036.35,0
O00041,2026-05-08,2026-05,C0051,P008,东北,直播,1,405,309.21,95.79,0
O00042,2026-04-14,2026-04,C0094,P005,华南,线上,2,1770.8,1070.15,700.65,0.05
O00043,2026-03-26,2026-03,C0042,P001,西南,门店,3,4962.48,2640.98,2321.5,0.08
O00044,2026-01-04,2026-01,C0033,P005,华北,线上,3,587.88,369.82,218.06,0.08
O00045,2026-04-03,2026-04,C0097,P007,华东,经销商,3,507.3,258.22,249.08,0.05
O00046,2026-06-12,2026-06,C0032,P003,华东,经销商,3,2627.1,1617.56,1009.54,0.1
O00047,2026-04-20,2026-04,C0104,P001,东北,线上,4,4370.4,2511.2,1859.2,0.1
O00048,2026-01-13,2026-01,C0058,P007,华东,经销商,5,8105,5371.04,2733.96,0
O00049,2026-05-05,2026-05,C0117,P001,华北,经销商,5,1700,1029.9,670.1,0
O00050,2026-03-14,2026-03,C0033,P005,华北,直播,3,2323.05,1445.1,877.95,0.15
O00051,2026-05-23,2026-05,C0016,P007,华东,直播,2,2794,1326.61,1467.39,0
O00052,2026-05-21,2026-05,C0058,P004,华东,门店,3,4509.84,2897.33,1612.51,0.08
O00053,2026-03-04,2026-03,C0023,P002,西南,经销商,3,3654,2029.3,1624.7,0
O00054,2026-03-08,2026-03,C0114,P004,华东,门店,1,1485.8,930.78,555.02,0.08
O00055,2026-04-07,2026-04,C0044,P005,西南,经销商,1,1045.0,703.46,341.54,0.05
O00056,2026-02-02,2026-02,C0012,P004,华南,直播,3,1622.88,1026.51,596.37,0.08
O00057,2026-04-21,2026-04,C0109,P005,东北,直播,1,340,200.71,139.29,0
O00058,2026-05-31,2026-05,C0001,P008,华北,直播,1,792.9,645.16,147.74,0.1
O00059,2026-03-05,2026-03,C0029,P002,华北,线上,2,703.8,602.71,101.09,0.1
O00060,2026-06-29,2026-06,C0011,P008,华南,门店,5,8355,3763.52,4591.48,0
O00061,2026-03-01,2026-03,C0083,P001,西南,直播,3,872.1,546.95,325.15,0.15
O00062,2026-06-28,2026-06,C0013,P002,华南,门店,1,625.5,529.15,96.35,0.1
O00063,2026-04-10,2026-04,C0029,P005,华北,直播,5,410,257.22,152.78,0
O00064,2026-03-13,2026-03,C0083,P006,西南,门店,2,1895.4,1110.86,784.54,0.1
O00065,2026-01-08,2026-01,C0091,P007,华东,直播,3,579,297.64,281.36,0
O00066,2026-01-21,2026-01,C0030,P005,西南,经销商,4,3352,2053.67,1298.33,0
O00067,2026-04-18,2026-04,C0088,P006,华南,线上,4,1940,1383.28,556.72,0
O00068,2026-02-22,2026-02,C0026,P008,华南,门店,3,4944,2601.37,2342.63,0
O00069,2026-03-09,2026-03,C0014,P005,华北,门店,5,4927.5,2802.18,2125.32,0.1
O00070,2026-05-05,2026-05,C0117,P007,华北,线上,1,1298,979.0,319.0,0
O00071,2026-02-24,2026-02,C0077,P001,东北,门店,2,1860,1272.71,587.29,0
O00072,2026-04-11,2026-04,C0115,P008,华东,门店,3,4740,3693.34,1046.66,0
O00073,2026-03-26,2026-03,C0024,P004,华东,直播,5,7396.8,3702.62,3694.18,0.08
O00074,2026-04-06,2026-04,C0057,P006,华北,线上,2,606,288.35,317.65,0
O00075,2026-03-31,2026-03,C0114,P007,华东,经销商,1,1229,707.22,521.78,0
O00076,2026-04-21,2026-04,C0007,P002,东北,直播,4,1824.0,1207.11,616.89,0.05
O00077,2026-02-19,2026-02,C0047,P006,西南,直播,4,482.8,332.6,150.2,0.15
O00078,2026-01-11,2026-01,C0005,P007,华东,线上,4,832,444.97,387.03,0
O00079,2026-06-05,2026-06,C0047,P006,西南,经销商,3,2068.2,1067.15,1001.05,0.1
O00080,2026-03-12,2026-03,C0001,P005,华北,线上,5,7348.25,6590.44,757.81,0.15
O00081,2026-01-07,2026-01,C0014,P004,华北,直播,4,5685.6,4726.41,959.19,0.08
O00082,2026-03-06,2026-03,C0105,P007,华南,经销商,4,1291.68,716.56,575.12,0.08
O00083,2026-06-27,2026-06,C0078,P003,华东,线上,2,1426.9,904.29,522.61,0.05
O00084,2026-05-12,2026-05,C0051,P004,东北,线上,2,1078.24,552.44,525.8,0.08
O00085,2026-05-04,2026-05,C0021,P006,华南,线上,4,1180,634.15,545.85,0
O00086,2026-02-23,2026-02,C0054,P002,西南,门店,4,5641.44,3109.86,2531.58,0.08
O00087,2026-04-17,2026-04,C0080,P008,东北,线上,2,2899.8,2350.47,549.33,0.1
O00088,2026-03-17,2026-03,C0036,P005,东北,经销商,5,2983.0,1676.25,1306.75,0.05
O00089,2026-02-20,2026-02,C0032,P008,华东,门店,2,1164,582.69,581.31,0
O00090,2026-03-25,2026-03,C0051,P002,东北,线上,3,1574.1,1090.82,483.28,0.1
O00091,2026-06-17,2026-06,C0005,P008,华东,门店,1,81.88,65.98,15.9,0.08
O00092,2026-04-25,2026-04,C0006,P006,华东,门店,3,1668,778.34,889.66,0
O00093,2026-01-20,2026-01,C0066,P006,华东,线上,2,1798.2,1070.49,727.71,0.1
O00094,2026-01-28,2026-01,C0028,P006,东北,门店,1,793.25,414.7,378.55,0.05
O00095,2026-03-07,2026-03,C0077,P001,东北,直播,2,3496,2517.87,978.13,0
O00096,2026-06-23,2026-06,C0024,P006,华东,直播,5,3595,1859.06,1735.94,0
O00097,2026-05-21,2026-05,C0009,P008,东北,门店,4,1056.16,768.16,288.0,0.08
O00098,2026-06-13,2026-06,C0084,P002,华南,经销商,2,1519.8,964.6,555.2,0.15
O00099,2026-06-20,2026-06,C0054,P005,西南,经销商,1,611.15,457.97,153.18,0.15
O00100,2026-04-17,2026-04,C0003,P007,华东,直播,3,4197,2429.82,1767.18,0
O00101,2026-02-22,2026-02,C0056,P001,西南,直播,2,1894,1365.05,528.95,0
O00102,2026-05-28,2026-05,C0059,P006,华东,门店,2,692,323.21,368.79,0
O00103,2026-06-14,2026-06,C0012,P007,华南,门店,5,6431.5,4693.59,1737.91,0.05
O00104,2026-02-07,2026-02,C0037,P006,华东,线上,2,2294,1732.92,561.08,0
O00105,2026-04-09,2026-04,C0097,P008,华东,线上,2,1394,1012.47,381.53,0
O00106,2026-05-04,2026-05,C0007,P006,东北,门店,5,6361.8,3308.67,3053.13,0.08
O00107,2026-06-13,2026-06,C0080,P004,东北,门店,4,5352,3872.88,1479.12,0
O00108,2026-05-25,2026-05,C0006,P004,华东,线上,4,4560,2629.21,1930.79,0
O00109,2026-02-08,2026-02,C0093,P004,东北,线上,2,295.2,238.79,56.41,0.1
O00110,2026-06-20,2026-06,C0016,P006,华东,经销商,4,4809.76,3301.57,1508.19,0.08
O00111,2026-06-16,2026-06,C0040,P007,华南,经销商,5,2714.0,1706.4,1007.6,0.08
O00112,2026-04-25,2026-04,C0023,P008,西南,直播,1,78.3,67.46,10.84,0.1
O00113,2026-03-02,2026-03,C0098,P008,华南,直播,5,7714.2,6088.01,1626.19,0.08
O00114,2026-04-13,2026-04,C0009,P002,东北,直播,2,1497.76,928.87,568.89,0.08
O00115,2026-05-10,2026-05,C0006,P001,华东,线上,2,421.6,274.55,147.05,0.15
O00116,2026-01-14,2026-01,C0084,P007,华南,线上,2,264,205.58,58.42,0
O00117,2026-02-19,2026-02,C0114,P003,华东,门店,4,2676,1810.11,865.89,0
O00118,2026-01-17,2026-01,C0079,P006,西南,经销商,3,1154.25,906.22,248.03,0.05
O00119,2026-04-27,2026-04,C0033,P003,华北,门店,5,5315,3429.89,1885.11,0
O00120,2026-03-23,2026-03,C0005,P006,华东,经销商,2,831.68,454.9,376.78,0.08
O00121,2026-06-23,2026-06,C0115,P006,华东,线上,4,1615.0,829.56,785.44,0.05
O00122,2026-06-12,2026-06,C0112,P006,东北,线上,4,4381.2,3122.41,1258.79,0.1
O00123,2026-03-06,2026-03,C0095,P007,华北,门店,3,1716.72,1449.63,267.09,0.08
O00124,2026-04-03,2026-04,C0098,P006,华南,线上,1,985,500.7,484.3,0
O00125,2026-03-17,2026-03,C0040,P005,华南,线上,5,6835.25,4978.24,1857.01,0.05
O00126,2026-02-26,2026-02,C0038,P003,华南,经销商,5,6260.6,4000.23,2260.37,0.08
O00127,2026-01-13,2026-01,C0063,P003,华北,线上,2,2267.8,1240.73,1027.07,0.15
O00128,2026-01-01,2026-01,C0039,P006,西南,直播,1,1093.45,720.82,372.63,0.05
O00129,2026-05-30,2026-05,C0076,P005,西南,直播,2,946.2,653.27,292.93,0.05
O00130,2026-02-10,2026-02,C0002,P003,华东,线上,2,3056,1829.88,1226.12,0
O00131,2026-06-13,2026-06,C0112,P003,东北,线上,3,2573.55,2083.64,489.91,0.05
O00132,2026-06-15,2026-06,C0077,P006,东北,直播,5,4446.0,3750.75,695.25,0.1
O00133,2026-03-05,2026-03,C0116,P003,华北,直播,1,170,106.32,63.68,0
O00134,2026-02-17,2026-02,C0021,P004,华南,门店,1,1675,760.58,914.42,0
O00135,2026-02-06,2026-02,C0026,P007,华南,直播,5,5631.25,4089.57,1541.68,0.15
O00136,2026-06-06,2026-06,C0066,P003,华东,直播,3,598.5,413.64,184.86,0.05
O00137,2026-05-18,2026-05,C0049,P001,西南,直播,4,5910.08,3061.41,2848.67,0.08
O00138,2026-02-14,2026-02,C0014,P004,华北,经销商,3,1415.25,770.58,644.67,0.15
O00139,2026-06-27,2026-06,C0092,P005,华南,直播,1,530.4,394.84,135.56,0.15
O00140,2026-06-25,2026-06,C0038,P005,华南,经销商,2,457.2,231.15,226.05,0.1
O00141,2026-03-02,2026-03,C0021,P004,华南,门店,3,1305.48,792.4,513.08,0.08
O00142,2026-04-08,2026-04,C0061,P008,东北,直播,5,7540,5526.69,2013.31,0
O00143,2026-03-01,2026-03,C0102,P005,东北,门店,2,1585.8,1133.25,452.55,0.1
O00144,2026-02-07,2026-02,C0004,P001,华东,经销商,1,268.2,225.45,42.75,0.1
O00145,2026-02-06,2026-02,C0004,P001,华东,线上,1,308.55,240.44,68.11,0.15
O00146,2026-06-28,2026-06,C0095,P002,华北,门店,1,192.6,150.1,42.5,0.1
O00147,2026-05-17,2026-05,C0113,P002,华南,线上,4,1196,619.39,576.61,0
O00148,2026-01-09,2026-01,C0109,P001,东北,直播,1,1503.65,1165.14,338.51,0.15
O00149,2026-01-26,2026-01,C0013,P003,华南,经销商,2,1297.7,766.39,531.31,0.05
O00150,2026-01-06,2026-01,C0033,P006,华北,经销商,3,456.45,376.3,80.15,0.15
O00151,2026-06-04,2026-06,C0109,P008,东北,直播,3,3432.3,1858.38,1573.92,0.15
O00152,2026-01-08,2026-01,C0067,P007,华北,门店,1,726.8,539.2,187.6,0.08
O00153,2026-01-24,2026-01,C0022,P005,华北,线上,4,295.2,169.47,125.73,0.1
O00154,2026-01-02,2026-01,C0063,P006,华北,门店,1,923.1,774.25,148.85,0.15
O00155,2026-05-07,2026-05,C0107,P006,华南,经销商,5,2758.5,2333.93,424.57,0.1
O00156,2026-02-24,2026-02,C0064,P004,华东,直播,2,518.5,428.86,89.64,0.15
O00157,2026-06-28,2026-06,C0081,P002,华北,直播,3,2424,1411.78,1012.22,0
O00158,2026-01-23,2026-01,C0114,P007,华东,直播,1,841,462.58,378.42,0
O00159,2026-05-20,2026-05,C0049,P003,西南,线上,2,2046,1279.59,766.41,0
O00160,2026-03-31,2026-03,C0067,P006,华北,经销商,2,1703.4,1268.0,435.4,0.15
O00161,2026-02-13,2026-02,C0057,P008,华北,直播,3,3798,1867.09,1930.91,0
O00162,2026-06-14,2026-06,C0065,P004,西南,门店,2,1191.3,876.62,314.68,0.05
O00163,2026-02-09,2026-02,C0093,P004,东北,门店,3,3547.8,2227.42,1320.38,0.1
O00164,2026-03-25,2026-03,C0034,P004,西南,直播,1,354.45,201.64,152.81,0.15
O00165,2026-02-08,2026-02,C0102,P003,东北,门店,3,4505.85,2815.09,1690.76,0.05
O00166,2026-01-28,2026-01,C0036,P002,东北,直播,2,1610.0,807.1,802.9,0.08
O00167,2026-04-22,2026-04,C0065,P004,西南,直播,3,3084,1532.13,1551.87,0
O00168,2026-01-02,2026-01,C0117,P004,华北,直播,4,5454.0,3901.74,1552.26,0.1
O00169,2026-02-28,2026-02,C0087,P004,华东,经销商,2,2786,1671.01,1114.99,0
O00170,2026-03-08,2026-03,C0115,P002,华东,门店,4,2119.68,1579.02,540.66,0.08
O00171,2026-03-06,2026-03,C0062,P007,华北,门店,4,432.0,351.99,80.01,0.1
O00172,2026-06-17,2026-06,C0100,P006,华南,线上,1,805.92,656.74,149.18,0.08
O00173,2026-01-10,2026-01,C0070,P005,东北,门店,2,695.3,579.14,116.16,0.15
O00174,2026-05-13,2026-05,C0013,P006,华南,直播,5,4567.5,2627.04,1940.46,0.1
O00175,2026-05-12,2026-05,C0082,P001,华南,直播,3,3271.8,2016.17,1255.63,0.05
O00176,2026-02-23,2026-02,C0051,P003,东北,经销商,5,8210,5669.87,2540.13,0
O00177,2026-06-13,2026-06,C0033,P001,华北,线上,3,2379.12,1216.19,1162.93,0.08
O00178,2026-04-18,2026-04,C0081,P007,华北,经销商,3,3613.8,1848.95,1764.85,0.05
O00179,2026-04-13,2026-04,C0103,P004,华东,线上,4,4104,2069.63,2034.37,0
O00180,2026-06-12,2026-06,C0061,P004,东北,门店,5,7780,5592.5,2187.5,0
O00181,2026-04-01,2026-04,C0060,P007,华东,直播,3,4417.2,3260.73,1156.47,0.1
O00182,2026-04-01,2026-04,C0035,P004,西南,门店,4,5650.6,4605.86,1044.74,0.05
O00183,2026-05-04,2026-05,C0104,P001,东北,经销商,3,2439,1624.26,814.74,0
O00184,2026-05-03,2026-05,C0055,P008,华南,经销商,5,6925,4622.83,2302.17,0
O00185,2026-02-09,2026-02,C0110,P005,华东,经销商,4,784,566.99,217.01,0
O00186,2026-02-05,2026-02,C0082,P006,华南,线上,5,467.5,249.58,217.92,0.15
O00187,2026-06-17,2026-06,C0033,P005,华北,门店,5,1291.5,713.34,578.16,0.1
O00188,2026-02-17,2026-02,C0045,P008,华东,门店,2,932.88,721.21,211.67,0.08
O00189,2026-06-06,2026-06,C0086,P002,华北,门店,5,7195.25,6152.4,1042.85,0.15
O00190,2026-05-07,2026-05,C0068,P004,华南,线上,1,1471.08,1073.74,397.34,0.08
O00191,2026-05-23,2026-05,C0034,P002,西南,线上,4,2236,1355.4,880.6,0
O00192,2026-05-04,2026-05,C0116,P008,华北,门店,2,2785.76,1608.98,1176.78,0.08
O00193,2026-05-19,2026-05,C0021,P001,华南,经销商,3,2646.9,1979.41,667.49,0.15
O00194,2026-04-30,2026-04,C0055,P006,华南,经销商,4,5856,2984.05,2871.95,0
O00195,2026-06-12,2026-06,C0003,P001,华东,经销商,5,735.25,599.5,135.75,0.15
O00196,2026-01-25,2026-01,C0063,P008,华北,门店,2,298,204.73,93.27,0
O00197,2026-03-28,2026-03,C0111,P002,东北,门店,3,2150.04,1652.06,497.98,0.08
O00198,2026-03-14,2026-03,C0044,P007,西南,经销商,4,2142.0,1112.41,1029.59,0.1
O00199,2026-03-16,2026-03,C0106,P006,东北,经销商,4,3442.8,2233.24,1209.56,0.05
O00200,2026-05-10,2026-05,C0027,P006,华东,经销商,4,6804,3804.77,2999.23,0
O00201,2026-03-18,2026-03,C0076,P003,西南,直播,1,1686,980.63,705.37,0
O00202,2026-05-20,2026-05,C0052,P001,东北,直播,3,906,421.57,484.43,0
O00203,2026-06-05,2026-06,C0101,P001,华南,门店,5,5368.5,3424.47,1944.03,0.1
O00204,2026-06-10,2026-06,C0028,P002,东北,门店,1,1229.1,869.19,359.91,0.15
O00205,2026-01-26,2026-01,C0112,P003,东北,线上,1,943,708.8,234.2,0
O00206,2026-04-05,2026-04,C0101,P003,华南,经销商,3,3139.05,1976.28,1162.77,0.15
O00207,2026-02-17,2026-02,C0005,P007,华东,线上,3,333.96,231.19,102.77,0.08
O00208,2026-05-08,2026-05,C0106,P001,东北,直播,1,1530.88,1064.72,466.16,0.08
O00209,2026-04-25,2026-04,C0002,P002,华东,门店,4,4665.6,4031.76,633.84,0.1
O00210,2026-05-02,2026-05,C0071,P007,华北,门店,1,211.65,150.85,60.8,0.15
O00211,2026-06-10,2026-06,C0055,P001,华南,线上,1,84.15,66.42,17.73,0.15
O00212,2026-02-25,2026-02,C0017,P002,华东,门店,4,440.8,318.95,121.85,0.05
O00213,2026-04-26,2026-04,C0119,P003,华南,门店,1,704.65,568.26,136.39,0.15
O00214,2026-01-22,2026-01,C0081,P005,华北,经销商,5,7047.2,4611.25,2435.95,0.08
O00215,2026-01-14,2026-01,C0002,P001,华东,线上,1,93.5,74.43,19.07,0.15
O00216,2026-04-10,2026-04,C0040,P005,华南,经销商,5,1927.4,1363.75,563.65,0.08
O00217,2026-04-05,2026-04,C0061,P008,东北,门店,2,752,428.55,323.45,0
O00218,2026-06-11,2026-06,C0062,P007,华北,经销商,4,6156.64,5098.13,1058.51,0.08
O00219,2026-03-16,2026-03,C0008,P005,东北,经销商,5,6005.25,5048.92,956.33,0.15
O00220,2026-06-05,2026-06,C0107,P001,华南,门店,2,2490.9,1685.79,805.11,0.05
O00221,2026-04-07,2026-04,C0088,P007,华南,经销商,4,5248,3760.03,1487.97,0
O00222,2026-06-26,2026-06,C0042,P001,西南,线上,3,1733.28,945.58,787.7,0.08
O00223,2026-03-15,2026-03,C0104,P003,东北,直播,5,1809.75,1470.42,339.33,0.05
O00224,2026-03-30,2026-03,C0070,P002,东北,门店,5,4931.2,2766.52,2164.68,0.08
O00225,2026-03-21,2026-03,C0087,P001,华东,经销商,4,3508.8,2139.02,1369.78,0.15
O00226,2026-05-31,2026-05,C0102,P001,东北,经销商,4,3675.6,1956.0,1719.6,0.1
O00227,2026-01-17,2026-01,C0051,P004,东北,经销商,5,5448.25,4255.83,1192.42,0.05
O00228,2026-05-03,2026-05,C0025,P004,西南,经销商,2,946,482.11,463.89,0
O00229,2026-04-03,2026-04,C0052,P006,东北,直播,5,1925,894.58,1030.42,0
O00230,2026-04-06,2026-04,C0048,P002,华北,线上,4,6768,3394.36,3373.64,0
O00231,2026-03-30,2026-03,C0067,P005,华北,直播,5,610,281.26,328.74,0
O00232,2026-05-31,2026-05,C0034,P004,西南,门店,3,2856,2177.26,678.74,0
O00233,2026-03-07,2026-03,C0044,P001,西南,线上,2,828.0,429.85,398.15,0.08
O00234,2026-01-09,2026-01,C0112,P006,东北,直播,4,4308,3165.43,1142.57,0
O00235,2026-01-31,2026-01,C0033,P002,华北,直播,3,3708,2452.5,1255.5,0
O00236,2026-02-16,2026-02,C0109,P008,东北,门店,2,1678,1304.25,373.75,0
O00237,2026-02-14,2026-02,C0033,P001,华北,线上,3,542.7,451.35,91.35,0.1
O00238,2026-03-08,2026-03,C0008,P008,东北,门店,1,357.2,262.87,94.33,0.05
O00239,2026-06-23,2026-06,C0076,P005,西南,经销商,5,4177.75,2382.74,1795.01,0.15
O00240,2026-04-06,2026-04,C0050,P005,东北,直播,1,779.24,487.26,291.98,0.08
O00241,2026-03-03,2026-03,C0118,P003,东北,线上,1,882.3,779.7,102.6,0.15
O00242,2026-02-10,2026-02,C0010,P004,东北,直播,5,3587.0,2093.63,1493.37,0.15
O00243,2026-01-25,2026-01,C0108,P007,华南,经销商,1,1366,818.6,547.4,0
O00244,2026-03-24,2026-03,C0062,P004,华北,门店,1,1297.7,679.06,618.64,0.05
O00245,2026-01-15,2026-01,C0092,P003,华南,门店,4,4852,2886.26,1965.74,0
O00246,2026-03-10,2026-03,C0053,P007,西南,经销商,2,796,429.41,366.59,0
O00247,2026-03-27,2026-03,C0034,P003,西南,直播,4,1151.4,727.86,423.54,0.05
O00248,2026-01-30,2026-01,C0066,P003,华东,直播,1,1166.2,1036.31,129.89,0.15
O00249,2026-03-15,2026-03,C0033,P002,华北,门店,2,1519.84,1283.66,236.18,0.08
O00250,2026-03-02,2026-03,C0050,P002,东北,经销商,3,2793,1309.83,1483.17,0
O00251,2026-02-06,2026-02,C0057,P001,华北,线上,5,3501.0,1930.4,1570.6,0.1
O00252,2026-05-15,2026-05,C0024,P005,华东,门店,3,2913,2187.53,725.47,0
O00253,2026-03-12,2026-03,C0018,P003,东北,门店,2,2296,1572.38,723.62,0
O00254,2026-06-03,2026-06,C0107,P002,华南,经销商,1,1127.1,813.51,313.59,0.15
O00255,2026-02-14,2026-02,C0018,P004,东北,门店,5,6166.75,4769.34,1397.41,0.15
O00256,2026-05-30,2026-05,C0026,P005,华南,直播,1,181.9,148.04,33.86,0.15
O00257,2026-01-15,2026-01,C0043,P006,西南,直播,3,3833.64,1999.36,1834.28,0.08
O00258,2026-05-03,2026-05,C0112,P003,东北,经销商,3,1764,1121.61,642.39,0
O00259,2026-01-10,2026-01,C0090,P003,西南,经销商,3,3393.9,2764.76,629.14,0.1
O00260,2026-05-14,2026-05,C0067,P008,华北,经销商,1,310.65,224.26,86.39,0.05
O00261,2026-04-08,2026-04,C0038,P001,华南,线上,1,1449.92,941.38,508.54,0.08
O00262,2026-05-16,2026-05,C0003,P003,华东,门店,2,522,341.54,180.46,0
O00263,2026-01-27,2026-01,C0033,P005,华北,门店,5,8765,4000.51,4764.49,0
O00264,2026-03-08,2026-03,C0108,P001,华南,门店,5,6228.0,4173.45,2054.55,0.1
O00265,2026-06-29,2026-06,C0014,P008,华北,经销商,3,693.6,415.39,278.21,0.15
O00266,2026-02-01,2026-02,C0064,P008,华东,线上,5,5248.75,2686.88,2561.87,0.05
O00267,2026-04-14,2026-04,C0070,P003,东北,直播,5,2725,1358.64,1366.36,0
O00268,2026-04-12,2026-04,C0106,P003,东北,线上,1,1269.6,936.99,332.61,0.08
O00269,2026-04-12,2026-04,C0100,P001,华南,经销商,3,2133.48,1227.5,905.98,0.08
O00270,2026-04-22,2026-04,C0105,P006,华南,门店,4,4916,2739.25,2176.75,0
O00271,2026-06-24,2026-06,C0032,P006,华东,线上,4,4889.2,2610.33,2278.87,0.15
O00272,2026-05-16,2026-05,C0009,P003,东北,线上,3,2898,1786.84,1111.16,0
O00273,2026-02-27,2026-02,C0054,P003,西南,线上,4,6145.6,4401.85,1743.75,0.08
O00274,2026-01-09,2026-01,C0118,P005,东北,线上,5,2715.75,2009.48,706.27,0.15
O00275,2026-06-09,2026-06,C0033,P002,华北,线上,1,1145,679.12,465.88,0
O00276,2026-03-15,2026-03,C0040,P002,华南,经销商,3,4218,2065.66,2152.34,0
O00277,2026-01-22,2026-01,C0076,P008,西南,门店,5,1761.8,940.06,821.74,0.08
O00278,2026-03-17,2026-03,C0074,P007,东北,经销商,3,1923,1332.36,590.64,0
O00279,2026-04-27,2026-04,C0084,P004,华南,直播,4,1771.2,1346.94,424.26,0.1
O00280,2026-05-21,2026-05,C0079,P005,西南,经销商,4,3952.0,1914.51,2037.49,0.05
O00281,2026-02-26,2026-02,C0066,P004,华东,经销商,5,3888.0,2509.19,1378.81,0.1
O00282,2026-02-11,2026-02,C0042,P004,西南,门店,5,3431.6,2010.75,1420.85,0.08
O00283,2026-03-17,2026-03,C0099,P001,华南,经销商,1,363.6,190.71,172.89,0.1
O00284,2026-04-23,2026-04,C0067,P001,华北,线上,4,6579.84,4054.16,2525.68,0.08
O00285,2026-05-14,2026-05,C0087,P004,华东,门店,2,1772.7,1251.19,521.51,0.05
O00286,2026-06-22,2026-06,C0079,P004,西南,直播,5,2907.0,1554.82,1352.18,0.1
O00287,2026-03-10,2026-03,C0053,P003,西南,线上,1,80.96,61.84,19.12,0.08
O00288,2026-05-08,2026-05,C0074,P007,东北,线上,2,1776.5,1380.08,396.42,0.05
O00289,2026-04-08,2026-04,C0089,P008,西南,经销商,4,2274.6,1515.59,759.01,0.15
O00290,2026-04-11,2026-04,C0083,P007,西南,直播,3,237.15,203.77,33.38,0.15
O00291,2026-04-08,2026-04,C0039,P008,西南,直播,2,2240.1,1685.91,554.19,0.05
O00292,2026-05-28,2026-05,C0075,P007,华南,门店,2,494.0,289.58,204.42,0.05
O00293,2026-03-25,2026-03,C0055,P004,华南,直播,1,132,70.58,61.42,0
O00294,2026-03-18,2026-03,C0069,P005,东北,直播,5,4387.5,3522.06,865.44,0.1
O00295,2026-04-10,2026-04,C0046,P008,华南,线上,1,1102.45,733.93,368.52,0.15
O00296,2026-06-23,2026-06,C0068,P002,华南,直播,2,518.88,323.49,195.39,0.08
O00297,2026-06-16,2026-06,C0113,P003,华南,经销商,2,1733.28,1097.51,635.77,0.08
O00298,2026-06-27,2026-06,C0022,P002,华北,经销商,3,2083.35,1694.93,388.42,0.05
O00299,2026-05-12,2026-05,C0015,P003,东北,直播,3,4252.2,3226.22,1025.98,0.05
O00300,2026-06-11,2026-06,C0068,P003,华南,门店,3,4727.7,2724.06,2003.64,0.1
O00301,2026-04-16,2026-04,C0008,P003,东北,线上,5,6575,3725.07,2849.93,0
O00302,2026-06-27,2026-06,C0002,P007,华东,线上,1,601.8,479.97,121.83,0.15
O00303,2026-03-19,2026-03,C0108,P007,华南,门店,1,1280,858.21,421.79,0
O00304,2026-02-14,2026-02,C0099,P008,华南,门店,5,5894.75,4576.04,1318.71,0.05
O00305,2026-05-28,2026-05,C0053,P004,西南,线上,5,1640,822.84,817.16,0
O00306,2026-01-08,2026-01,C0010,P002,东北,直播,2,2116.0,1659.76,456.24,0.08
O00307,2026-01-16,2026-01,C0088,P001,华南,经销商,5,3705,2542.0,1163.0,0
O00308,2026-03-12,2026-03,C0005,P003,华东,线上,3,4101,3008.4,1092.6,0
O00309,2026-03-31,2026-03,C0058,P004,华东,直播,5,4345,2033.65,2311.35,0
O00310,2026-05-30,2026-05,C0057,P001,华北,线上,1,1350,718.58,631.42,0
O00311,2026-02-10,2026-02,C0041,P003,东北,经销商,1,1610.0,962.87,647.13,0.08
O00312,2026-05-07,2026-05,C0032,P002,华东,直播,4,4970.8,3760.21,1210.59,0.15
O00313,2026-03-21,2026-03,C0113,P007,华南,门店,4,500,239.43,260.57,0
O00314,2026-04-02,2026-04,C0024,P007,华东,线上,1,621.0,428.83,192.17,0.08
O00315,2026-03-27,2026-03,C0043,P007,西南,直播,4,5652,4336.25,1315.75,0
O00316,2026-03-31,2026-03,C0050,P004,东北,直播,2,1968.4,1167.94,800.46,0.05
O00317,2026-01-09,2026-01,C0086,P005,华北,门店,1,779,412.71,366.29,0
O00318,2026-01-24,2026-01,C0035,P004,西南,直播,5,8950,5666.62,3283.38,0
O00319,2026-03-03,2026-03,C0048,P003,华北,门店,3,1333.65,915.83,417.82,0.15
O00320,2026-03-18,2026-03,C0065,P008,西南,经销商,2,1002.8,733.41,269.39,0.08
O00321,2026-06-02,2026-06,C0076,P008,西南,门店,3,3522,2054.63,1467.37,0
O00322,2026-02-02,2026-02,C0087,P002,华东,直播,5,1201.5,976.04,225.46,0.1
O00323,2026-01-08,2026-01,C0040,P003,华南,门店,1,746.3,420.03,326.27,0.15
O00324,2026-03-01,2026-03,C0025,P006,西南,经销商,1,197.1,164.59,32.51,0.1
O00325,2026-02-19,2026-02,C0092,P002,华南,直播,3,780,425.28,354.72,0
O00326,2026-03-14,2026-03,C0052,P006,东北,门店,4,5667.8,4943.05,724.75,0.15
O00327,2026-03-12,2026-03,C0004,P003,华东,直播,3,3751.05,2992.08,758.97,0.15
O00328,2026-01-07,2026-01,C0032,P008,华东,经销商,4,2723.4,1545.1,1178.3,0.15
O00329,2026-01-30,2026-01,C0117,P005,华北,线上,5,7915,5422.99,2492.01,0
O00330,2026-04-14,2026-04,C0078,P001,华东,门店,2,1924,1346.41,577.59,0
O00331,2026-04-08,2026-04,C0071,P001,华北,门店,3,3490.95,3124.25,366.7,0.15
O00332,2026-05-26,2026-05,C0092,P008,华南,经销商,5,2764.6,2016.79,747.81,0.08
O00333,2026-01-01,2026-01,C0107,P002,华南,线上,3,450.9,325.87,125.03,0.1
O00334,2026-03-04,2026-03,C0005,P002,华东,线上,3,1453.5,1066.94,386.56,0.05
O00335,2026-04-17,2026-04,C0096,P007,东北,线上,5,8885,4822.64,4062.36,0
O00336,2026-03-31,2026-03,C0057,P007,华北,直播,3,4039.2,3113.51,925.69,0.1
O00337,2026-05-11,2026-05,C0087,P001,华东,门店,2,1626.9,1184.61,442.29,0.15
O00338,2026-05-06,2026-05,C0006,P004,华东,门店,5,3070,1935.06,1134.94,0
O00339,2026-05-20,2026-05,C0032,P005,华东,线上,1,402.8,239.38,163.42,0.05
O00340,2026-02-21,2026-02,C0018,P005,东北,直播,2,2524.5,1813.26,711.24,0.15
O00341,2026-03-02,2026-03,C0001,P004,华北,经销商,5,6881.6,3694.55,3187.05,0.08
O00342,2026-06-28,2026-06,C0018,P005,东北,线上,2,2309.4,1358.58,950.82,0.1
O00343,2026-05-21,2026-05,C0098,P007,华南,直播,2,2492.2,1469.17,1023.03,0.15
O00344,2026-04-14,2026-04,C0015,P004,东北,线上,3,299.25,192.33,106.92,0.05
O00345,2026-01-16,2026-01,C0039,P005,西南,线上,2,520.2,337.79,182.41,0.15
O00346,2026-02-11,2026-02,C0057,P006,华北,线上,4,4731.0,2716.77,2014.23,0.05
O00347,2026-01-12,2026-01,C0060,P001,华东,经销商,4,853.4,689.4,164.0,0.15
O00348,2026-01-28,2026-01,C0056,P008,西南,经销商,4,1684.8,1041.2,643.6,0.1
O00349,2026-01-24,2026-01,C0081,P005,华北,门店,5,6698.0,5364.62,1333.38,0.15
O00350,2026-01-21,2026-01,C0096,P003,东北,经销商,1,120.52,95.24,25.28,0.08
O00351,2026-04-05,2026-04,C0082,P003,华南,经销商,5,7380,3569.84,3810.16,0
O00352,2026-06-07,2026-06,C0049,P006,西南,经销商,2,2669.5,1561.38,1108.12,0.05
O00353,2026-02-04,2026-02,C0108,P006,华南,直播,3,1710,792.78,917.22,0
O00354,2026-01-13,2026-01,C0064,P004,华东,经销商,4,3750.2,2214.69,1535.51,0.15
O00355,2026-06-04,2026-06,C0019,P002,西南,直播,2,830,494.89,335.11,0
O00356,2026-01-23,2026-01,C0109,P001,东北,经销商,4,4244,2215.5,2028.5,0
O00357,2026-01-01,2026-01,C0108,P001,华南,经销商,5,8041.5,5275.19,2766.31,0.1
O00358,2026-01-19,2026-01,C0066,P001,华东,门店,4,3092,1839.03,1252.97,0
O00359,2026-02-12,2026-02,C0038,P007,华南,门店,1,888.3,664.09,224.21,0.1
O00360,2026-05-01,2026-05,C0070,P002,东北,门店,3,3140.88,2018.92,1121.96,0.08
O00361,2026-04-13,2026-04,C0104,P002,东北,经销商,1,1326.0,872.68,453.32,0.15
O00362,2026-05-25,2026-05,C0048,P007,华北,经销商,4,4841.6,2820.44,2021.16,0.15
O00363,2026-05-16,2026-05,C0109,P001,东北,线上,2,909.5,742.69,166.81,0.15
O00364,2026-02-07,2026-02,C0072,P006,华北,直播,5,4427.0,2912.0,1515.0,0.05
O00365,2026-04-12,2026-04,C0015,P005,东北,线上,2,898,566.53,331.47,0
O00366,2026-02-26,2026-02,C0084,P005,华南,直播,1,417.6,311.43,106.17,0.1
O00367,2026-02-28,2026-02,C0029,P008,华北,线上,5,5321.0,3050.47,2270.53,0.15
O00368,2026-04-15,2026-04,C0103,P002,华东,线上,4,1278.0,896.99,381.01,0.1
O00369,2026-06-10,2026-06,C0059,P002,华东,门店,4,4776,3674.78,1101.22,0
O00370,2026-05-25,2026-05,C0100,P008,华南,线上,1,342.0,254.21,87.79,0.05
O00371,2026-04-14,2026-04,C0007,P004,东北,门店,3,495,337.41,157.59,0
O00372,2026-04-28,2026-04,C0016,P005,华东,门店,2,1904,1247.09,656.91,0
O00373,2026-05-25,2026-05,C0118,P002,东北,经销商,3,1208.4,885.3,323.1,0.05
O00374,2026-06-24,2026-06,C0106,P001,东北,经销商,3,993,569.08,423.92,0
O00375,2026-05-06,2026-05,C0105,P001,华南,经销商,5,4015,2278.09,1736.91,0
O00376,2026-06-04,2026-06,C0005,P002,华东,直播,2,1141.9,617.51,524.39,0.05
O00377,2026-01-06,2026-01,C0015,P008,东北,经销商,1,1079,511.81,567.19,0
O00378,2026-02-17,2026-02,C0071,P003,华北,门店,3,3791.85,2568.07,1223.78,0.15
O00379,2026-05-31,2026-05,C0069,P005,东北,门店,3,2967,1359.39,1607.61,0
O00380,2026-05-05,2026-05,C0112,P008,东北,直播,1,1719,815.87,903.13,0
O00381,2026-05-02,2026-05,C0089,P003,西南,线上,4,3540,2612.86,927.14,0
O00382,2026-04-03,2026-04,C0068,P006,华南,线上,2,1434,924.13,509.87,0
O00383,2026-02-24,2026-02,C0105,P003,华南,直播,3,4330.44,2632.87,1697.57,0.08
O00384,2026-04-10,2026-04,C0041,P006,东北,门店,1,690.3,467.51,222.79,0.1
O00385,2026-01-06,2026-01,C0059,P004,华东,门店,5,731.0,428.39,302.61,0.15
O00386,2026-03-11,2026-03,C0035,P007,西南,门店,1,1048.8,626.8,422.0,0.05
O00387,2026-06-28,2026-06,C0118,P001,东北,直播,5,8290,6117.08,2172.92,0
O00388,2026-06-12,2026-06,C0047,P002,西南,门店,3,5112,3772.8,1339.2,0
O00389,2026-06-24,2026-06,C0039,P002,西南,门店,3,4542.9,2954.99,1587.91,0.05
O00390,2026-03-31,2026-03,C0043,P007,西南,直播,1,1445.9,1022.29,423.61,0.05
O00391,2026-05-09,2026-05,C0115,P006,华东,门店,2,3474,2705.86,768.14,0
O00392,2026-02-04,2026-02,C0001,P004,华北,经销商,4,3345.12,2111.44,1233.68,0.08
O00393,2026-02-13,2026-02,C0019,P002,西南,经销商,3,4428.9,2485.77,1943.13,0.05
O00394,2026-01-19,2026-01,C0075,P004,华南,经销商,1,1277,702.86,574.14,0
O00395,2026-04-30,2026-04,C0100,P006,华南,经销商,4,6228,4526.1,1701.9,0
O00396,2026-02-14,2026-02,C0115,P005,华东,经销商,3,3597,2518.99,1078.01,0
O00397,2026-03-02,2026-03,C0028,P001,东北,经销商,1,826.16,463.47,362.69,0.08
O00398,2026-05-09,2026-05,C0026,P002,华南,线上,2,3166,2430.97,735.03,0
O00399,2026-01-21,2026-01,C0104,P002,东北,门店,5,3306.5,1925.94,1380.56,0.15
O00400,2026-03-11,2026-03,C0082,P001,华南,线上,3,408,226.89,181.11,0
O00401,2026-06-16,2026-06,C0052,P008,东北,直播,5,6982.5,3730.76,3251.74,0.05
O00402,2026-01-12,2026-01,C0081,P002,华北,直播,5,3519.0,2968.13,550.87,0.08
O00403,2026-03-07,2026-03,C0112,P008,东北,经销商,1,125.4,83.97,41.43,0.05
O00404,2026-01-15,2026-01,C0079,P007,西南,门店,3,1200,547.37,652.63,0
O00405,2026-02-06,2026-02,C0046,P002,华南,门店,3,2696.1,1781.58,914.52,0.05
O00406,2026-06-18,2026-06,C0030,P006,西南,线上,5,2584.0,1847.09,736.91,0.15
O00407,2026-06-15,2026-06,C0084,P005,华南,经销商,5,7019.6,4841.76,2177.84,0.08
O00408,2026-05-14,2026-05,C0017,P005,华东,经销商,3,264.6,178.46,86.14,0.1
O00409,2026-02-08,2026-02,C0052,P004,东北,线上,1,123.3,67.71,55.59,0.1
O00410,2026-05-20,2026-05,C0072,P004,华北,门店,2,1098.0,696.19,401.81,0.1
O00411,2026-02-15,2026-02,C0068,P003,华南,直播,1,678.3,422.98,255.32,0.15
O00412,2026-02-24,2026-02,C0116,P006,华北,线上,4,4088,2276.46,1811.54,0
O00413,2026-01-28,2026-01,C0009,P001,东北,直播,4,5548.0,2743.6,2804.4,0.05
O00414,2026-04-15,2026-04,C0085,P007,东北,直播,2,269.8,129.75,140.05,0.05
O00415,2026-03-03,2026-03,C0046,P004,华南,经销商,2,1374.48,989.17,385.31,0.08
O00416,2026-05-08,2026-05,C0073,P004,华北,门店,2,2008.3,1617.01,391.29,0.05
O00417,2026-03-18,2026-03,C0012,P005,华南,门店,3,242.88,194.78,48.1,0.08
O00418,2026-02-11,2026-02,C0088,P006,华南,线上,5,5993.8,3387.68,2606.12,0.08
O00419,2026-02-23,2026-02,C0006,P006,华东,经销商,4,1667.04,1332.02,335.02,0.08
O00420,2026-06-25,2026-06,C0104,P001,东北,经销商,1,391,193.16,197.84,0
O00421,2026-02-08,2026-02,C0013,P006,华南,直播,2,1752.7,1198.16,554.54,0.15
O00422,2026-03-28,2026-03,C0113,P007,华南,线上,3,396.9,232.59,164.31,0.1
O00423,2026-01-10,2026-01,C0065,P003,西南,线上,5,2493.0,1640.02,852.98,0.1
O00424,2026-01-06,2026-01,C0115,P001,华东,直播,3,636,311.48,324.52,0
O00425,2026-02-04,2026-02,C0001,P007,华北,线上,2,914.6,676.1,238.5,0.15
O00426,2026-05-16,2026-05,C0108,P006,华南,门店,4,904.4,733.29,171.11,0.05
O00427,2026-01-19,2026-01,C0091,P005,华东,线上,2,210.9,119.61,91.29,0.05
O00428,2026-02-20,2026-02,C0053,P001,西南,线上,5,3904.5,1863.86,2040.64,0.05
O00429,2026-06-17,2026-06,C0070,P008,东北,经销商,3,3428.55,2446.16,982.39,0.05
O00430,2026-04-13,2026-04,C0041,P007,东北,直播,5,4314.8,3616.31,698.49,0.08
O00431,2026-04-09,2026-04,C0103,P007,华东,经销商,2,2760,1459.76,1300.24,0
O00432,2026-06-27,2026-06,C0031,P007,华北,线上,2,2876,1376.59,1499.41,0
O00433,2026-01-13,2026-01,C0089,P007,西南,经销商,5,3162.0,2467.3,694.7,0.15
O00434,2026-04-27,2026-04,C0061,P001,东北,直播,4,4271.2,2901.97,1369.23,0.05
O00435,2026-03-02,2026-03,C0046,P007,华南,经销商,1,796.5,476.05,320.45,0.1
O00436,2026-01-19,2026-01,C0119,P004,华南,直播,5,7823.25,4418.5,3404.75,0.05
O00437,2026-03-31,2026-03,C0074,P008,东北,经销商,2,740,559.45,180.55,0
O00438,2026-05-15,2026-05,C0068,P004,华南,门店,2,3315.5,1845.34,1470.16,0.05
O00439,2026-02-09,2026-02,C0023,P008,西南,直播,1,679.88,420.77,259.11,0.08
O00440,2026-02-01,2026-02,C0020,P007,华北,经销商,3,2544,1451.04,1092.96,0
O00441,2026-04-26,2026-04,C0036,P002,东北,直播,4,2480.32,1831.54,648.78,0.08
O00442,2026-06-12,2026-06,C0094,P008,华南,门店,2,2941.2,1632.24,1308.96,0.1
O00443,2026-04-04,2026-04,C0067,P008,华北,直播,2,2574.5,1687.56,886.94,0.05
O00444,2026-03-06,2026-03,C0072,P001,华北,门店,2,145.8,86.78,59.02,0.1
O00445,2026-03-20,2026-03,C0118,P005,东北,直播,3,1809,972.49,836.51,0
O00446,2026-01-24,2026-01,C0110,P008,华东,经销商,1,493,290.69,202.31,0
O00447,2026-06-08,2026-06,C0118,P006,东北,线上,1,1425.08,889.11,535.97,0.08
O00448,2026-03-17,2026-03,C0056,P007,西南,直播,5,8265.0,4926.6,3338.4,0.05
O00449,2026-05-29,2026-05,C0119,P003,华南,线上,5,2006.0,1513.87,492.13,0.15
O00450,2026-06-20,2026-06,C0043,P004,西南,直播,1,223.56,139.77,83.79,0.08
O00451,2026-05-08,2026-05,C0014,P001,华北,直播,5,5676.4,4680.37,996.03,0.08
O00452,2026-04-17,2026-04,C0023,P008,西南,线上,1,901.6,599.88,301.72,0.08
O00453,2026-06-21,2026-06,C0095,P004,华北,经销商,2,1623.6,835.96,787.64,0.1
O00454,2026-05-22,2026-05,C0099,P006,华南,门店,4,6094.08,3239.0,2855.08,0.08
O00455,2026-01-20,2026-01,C0014,P001,华北,线上,4,1040,661.71,378.29,0
O00456,2026-06-24,2026-06,C0092,P004,华南,直播,3,3204,2023.72,1180.28,0
O00457,2026-05-30,2026-05,C0053,P003,西南,门店,1,1363,757.5,605.5,0
O00458,2026-05-13,2026-05,C0024,P001,华东,经销商,5,2889.0,1722.4,1166.6,0.1
O00459,2026-04-09,2026-04,C0085,P005,东北,直播,3,3361.68,2260.45,1101.23,0.08
O00460,2026-06-24,2026-06,C0040,P001,华南,经销商,3,1622.88,1260.64,362.24,0.08
O00461,2026-03-20,2026-03,C0017,P004,华东,直播,1,453.6,335.28,118.32,0.1
O00462,2026-06-18,2026-06,C0091,P008,华东,经销商,5,1752.75,1396.76,355.99,0.05
O00463,2026-02-21,2026-02,C0118,P008,东北,线上,5,7195,4969.27,2225.73,0
O00464,2026-05-17,2026-05,C0053,P002,西南,门店,5,8388.5,4076.4,4312.1,0.05
O00465,2026-04-23,2026-04,C0026,P005,华南,直播,2,3101.4,2245.21,856.19,0.1
O00466,2026-04-24,2026-04,C0113,P004,华南,线上,2,396,234.88,161.12,0
O00467,2026-01-13,2026-01,C0111,P003,东北,线上,1,1572.3,1072.76,499.54,0.1
O00468,2026-05-24,2026-05,C0064,P003,华东,经销商,2,2482.0,1964.39,517.61,0.15
O00469,2026-02-24,2026-02,C0019,P003,西南,门店,2,2274,1372.74,901.26,0
O00470,2026-01-24,2026-01,C0054,P001,西南,直播,2,2715.1,1952.15,762.95,0.05
O00471,2026-06-25,2026-06,C0020,P007,华北,直播,1,1504,697.52,806.48,0
O00472,2026-03-17,2026-03,C0112,P004,东北,门店,5,8132.0,5848.97,2283.03,0.05
O00473,2026-03-21,2026-03,C0042,P005,西南,门店,5,2595,1977.48,617.52,0
O00474,2026-04-11,2026-04,C0042,P001,西南,线上,4,1356.6,871.5,485.1,0.15
O00475,2026-02-20,2026-02,C0020,P008,华北,线上,2,1824.0,1294.16,529.84,0.05
O00476,2026-01-10,2026-01,C0016,P006,华东,经销商,2,2561.4,1775.02,786.38,0.1
O00477,2026-05-06,2026-05,C0003,P006,华东,经销商,4,1080,658.76,421.24,0
O00478,2026-06-03,2026-06,C0026,P002,华南,门店,2,1981.7,1467.22,514.48,0.05
O00479,2026-05-29,2026-05,C0005,P005,华东,经销商,5,6530,5023.05,1506.95,0
O00480,2026-02-19,2026-02,C0085,P003,东北,直播,3,546,305.72,240.28,0
O00481,2026-05-04,2026-05,C0043,P004,西南,经销商,3,1338,949.91,388.09,0
O00482,2026-01-18,2026-01,C0013,P008,华南,直播,5,1555,1005.38,549.62,0
O00483,2026-01-10,2026-01,C0006,P001,华东,门店,5,6330,3711.24,2618.76,0
O00484,2026-04-17,2026-04,C0010,P006,东北,经销商,3,4003.5,3260.73,742.77,0.15
O00485,2026-02-13,2026-02,C0043,P002,西南,经销商,1,1288.0,770.16,517.84,0.08
O00486,2026-01-25,2026-01,C0113,P002,华南,线上,2,638,391.55,246.45,0
O00487,2026-03-25,2026-03,C0032,P008,华东,经销商,2,2239.2,1154.14,1085.06,0.1
O00488,2026-04-04,2026-04,C0037,P004,华东,门店,4,4868,3777.82,1090.18,0
O00489,2026-05-17,2026-05,C0114,P004,华东,直播,1,110,83.74,26.26,0
O00490,2026-06-29,2026-06,C0089,P004,西南,经销商,2,516,258.36,257.64,0
O00491,2026-01-08,2026-01,C0051,P007,东北,线上,5,5705,3116.9,2588.1,0
O00492,2026-01-22,2026-01,C0030,P004,西南,线上,2,2338.2,1778.49,559.71,0.1
O00493,2026-03-04,2026-03,C0077,P002,东北,门店,3,840,437.57,402.43,0
O00494,2026-03-19,2026-03,C0011,P006,华南,直播,4,5168,2343.96,2824.04,0
O00495,2026-04-15,2026-04,C0012,P001,华南,门店,2,651.1,473.97,177.13,0.15
O00496,2026-02-08,2026-02,C0099,P006,华南,经销商,2,994,750.69,243.31,0
O00497,2026-01-18,2026-01,C0102,P001,东北,经销商,4,577.76,391.52,186.24,0.08
O00498,2026-01-18,2026-01,C0026,P002,华南,经销商,1,761.76,397.84,363.92,0.08
O00499,2026-05-30,2026-05,C0103,P003,华东,经销商,4,4953.8,3576.96,1376.84,0.15
O00500,2026-06-27,2026-06,C0116,P005,华北,门店,1,1476.6,1163.16,313.44,0.08
O00501,2026-04-22,2026-04,C0106,P007,东北,线上,5,2941.0,2654.2,286.8,0.15
O00502,2026-01-18,2026-01,C0097,P005,华东,门店,2,1142,735.35,406.65,0
O00503,2026-05-07,2026-05,C0051,P001,东北,经销商,4,5797.0,4605.84,1191.16,0.15
O00504,2026-04-08,2026-04,C0012,P007,华南,经销商,2,2407.2,2055.93,351.27,0.15
O00505,2026-06-19,2026-06,C0102,P007,东北,线上,3,253.65,163.24,90.41,0.05
O00506,2026-01-29,2026-01,C0054,P008,西南,经销商,4,5008.4,3168.31,1840.09,0.05
O00507,2026-05-20,2026-05,C0011,P004,华南,经销商,3,2445.36,1739.29,706.07,0.08
O00508,2026-03-27,2026-03,C0035,P002,西南,门店,2,2789.44,1772.07,1017.37,0.08
O00509,2026-01-31,2026-01,C0088,P004,华南,经销商,1,849,491.22,357.78,0
O00510,2026-02-08,2026-02,C0022,P006,华北,直播,2,1438.2,1184.19,254.01,0.1
O00511,2026-03-20,2026-03,C0041,P008,东北,门店,5,7645.5,4353.84,3291.66,0.1
O00512,2026-04-11,2026-04,C0001,P001,华北,经销商,2,584,350.4,233.6,0
O00513,2026-04-01,2026-04,C0071,P002,华北,经销商,5,6642.4,3570.73,3071.67,0.08
O00514,2026-06-20,2026-06,C0010,P007,东北,经销商,5,6445.75,4047.61,2398.14,0.05
O00515,2026-04-03,2026-04,C0085,P005,东北,直播,4,3906.6,2158.73,1747.87,0.15
O00516,2026-05-07,2026-05,C0089,P006,西南,直播,1,166.6,95.9,70.7,0.15
O00517,2026-04-25,2026-04,C0097,P005,华东,直播,5,1661.75,1271.4,390.35,0.15
O00518,2026-01-09,2026-01,C0062,P006,华北,线上,2,178.6,93.57,85.03,0.05
O00519,2026-04-11,2026-04,C0096,P003,东北,门店,5,6616.75,4576.06,2040.69,0.05
O00520,2026-03-16,2026-03,C0054,P001,西南,直播,5,3884.5,2183.66,1700.84,0.15
O00521,2026-05-07,2026-05,C0089,P006,西南,直播,3,2229,1616.15,612.85,0
O00522,2026-01-13,2026-01,C0115,P006,华东,线上,2,883.8,703.56,180.24,0.1
O00523,2026-02-11,2026-02,C0095,P005,华北,线上,5,1823.25,1186.08,637.17,0.15
O00524,2026-05-31,2026-05,C0050,P005,东北,直播,3,4500,2429.44,2070.56,0
O00525,2026-02-20,2026-02,C0119,P006,华南,经销商,4,3620,2443.19,1176.81,0
O00526,2026-04-11,2026-04,C0050,P006,东北,直播,4,2504,1295.35,1208.65,0
O00527,2026-05-09,2026-05,C0082,P007,华南,经销商,2,3180.6,1555.15,1625.45,0.05
O00528,2026-05-18,2026-05,C0085,P008,东北,经销商,5,6683.8,5073.65,1610.15,0.08
O00529,2026-04-11,2026-04,C0092,P006,华南,线上,4,4423.2,3403.38,1019.82,0.05
O00530,2026-03-08,2026-03,C0099,P008,华南,经销商,1,147.6,118.54,29.06,0.1
O00531,2026-04-01,2026-04,C0034,P006,西南,直播,2,401.4,214.89,186.51,0.1
O00532,2026-01-29,2026-01,C0022,P005,华北,线上,2,2652.0,2168.33,483.67,0.15
O00533,2026-04-14,2026-04,C0108,P007,华南,经销商,3,2481.24,1658.49,822.75,0.08
O00534,2026-03-31,2026-03,C0092,P003,华南,经销商,2,1987.3,1454.22,533.08,0.15
O00535,2026-02-04,2026-02,C0044,P004,西南,门店,1,926,570.14,355.86,0
O00536,2026-05-28,2026-05,C0052,P007,东北,门店,2,2131.8,1355.22,776.58,0.15
O00537,2026-02-08,2026-02,C0086,P004,华北,线上,2,2210,1649.66,560.34,0
O00538,2026-06-16,2026-06,C0113,P007,华南,直播,3,887.4,712.38,175.02,0.15
O00539,2026-06-06,2026-06,C0092,P005,华南,经销商,1,1494.0,1078.34,415.66,0.1
O00540,2026-06-05,2026-06,C0116,P004,华北,线上,2,1426,810.99,615.01,0
O00541,2026-04-03,2026-04,C0090,P001,西南,经销商,5,1135,824.85,310.15,0
O00542,2026-02-25,2026-02,C0059,P001,华东,直播,2,1890.5,1226.06,664.44,0.05
O00543,2026-06-01,2026-06,C0006,P001,华东,门店,5,8160.4,4315.08,3845.32,0.08
O00544,2026-03-17,2026-03,C0043,P006,西南,门店,5,6220,3246.18,2973.82,0
O00545,2026-03-14,2026-03,C0029,P001,华北,经销商,2,248.4,148.61,99.79,0.1
O00546,2026-01-17,2026-01,C0093,P005,东北,直播,1,1277,743.27,533.73,0
O00547,2026-02-27,2026-02,C0103,P001,华东,经销商,3,3328.8,2337.46,991.34,0.05
O00548,2026-01-19,2026-01,C0074,P008,东北,直播,2,1771.92,1482.69,289.23,0.08
O00549,2026-02-18,2026-02,C0079,P006,西南,门店,2,568.56,311.87,256.69,0.08
O00550,2026-01-20,2026-01,C0057,P001,华北,经销商,2,2886.6,2360.94,525.66,0.15
O00551,2026-02-21,2026-02,C0096,P005,东北,线上,1,1354.9,1039.81,315.09,0.15
O00552,2026-01-17,2026-01,C0027,P006,华东,经销商,4,360.4,291.82,68.58,0.15
O00553,2026-05-23,2026-05,C0081,P006,华北,经销商,2,2102.9,1371.03,731.87,0.15
O00554,2026-03-20,2026-03,C0006,P002,华东,线上,2,2840.5,1760.92,1079.58,0.05
O00555,2026-04-27,2026-04,C0044,P002,西南,直播,1,375.25,279.09,96.16,0.05
O00556,2026-05-05,2026-05,C0117,P002,华北,门店,3,4864.95,3109.27,1755.68,0.05
O00557,2026-01-28,2026-01,C0066,P005,华东,线上,4,1930.4,1083.34,847.06,0.05
O00558,2026-02-19,2026-02,C0105,P005,华南,门店,5,4139.5,3357.82,781.68,0.15
O00559,2026-04-22,2026-04,C0018,P003,东北,直播,1,307,211.89,95.11,0
O00560,2026-01-08,2026-01,C0105,P001,华南,线上,1,1029,532.31,496.69,0
O00561,2026-03-24,2026-03,C0080,P006,东北,门店,5,4715.0,3606.71,1108.29,0.08
O00562,2026-01-02,2026-01,C0027,P004,华东,门店,3,2589,1248.83,1340.17,0
O00563,2026-02-21,2026-02,C0059,P008,华东,直播,5,5435.75,4324.11,1111.64,0.15
O00564,2026-01-18,2026-01,C0111,P001,东北,门店,4,1567.68,1133.38,434.3,0.08
O00565,2026-06-16,2026-06,C0089,P008,西南,直播,4,5280,2582.28,2697.72,0
O00566,2026-06-03,2026-06,C0009,P007,东北,门店,2,3436,1551.76,1884.24,0
O00567,2026-06-12,2026-06,C0032,P001,华东,线上,1,489,226.19,262.81,0
O00568,2026-04-13,2026-04,C0120,P004,华南,直播,2,2833.9,1548.96,1284.94,0.15
O00569,2026-03-09,2026-03,C0020,P001,华北,线上,4,430.56,327.53,103.03,0.08
O00570,2026-01-25,2026-01,C0019,P003,西南,线上,5,1858.5,1278.24,580.26,0.1
O00571,2026-05-11,2026-05,C0118,P007,东北,线上,1,227,143.79,83.21,0
O00572,2026-05-09,2026-05,C0091,P002,华东,直播,1,1290.6,936.37,354.23,0.1
O00573,2026-04-12,2026-04,C0072,P001,华北,直播,2,258,186.74,71.26,0
O00574,2026-02-23,2026-02,C0091,P002,华东,线上,2,2677.2,2253.77,423.43,0.08
O00575,2026-05-20,2026-05,C0087,P006,华东,线上,1,220.15,136.97,83.18,0.15
O00576,2026-01-23,2026-01,C0036,P006,东北,经销商,3,2032.05,1066.89,965.16,0.05
O00577,2026-02-19,2026-02,C0011,P001,华南,门店,1,169,114.13,54.87,0
O00578,2026-05-14,2026-05,C0059,P007,华东,线上,4,4791.6,3535.3,1256.3,0.1
O00579,2026-01-06,2026-01,C0092,P001,华南,直播,1,1234.2,718.11,516.09,0.15
O00580,2026-01-15,2026-01,C0080,P003,东北,经销商,3,2804.4,2016.64,787.76,0.05
O00581,2026-03-18,2026-03,C0004,P006,华东,门店,3,2586,1302.06,1283.94,0
O00582,2026-06-17,2026-06,C0098,P008,华南,门店,5,8516.75,4845.45,3671.3,0.05
O00583,2026-01-04,2026-01,C0069,P007,东北,经销商,1,777,489.13,287.87,0
O00584,2026-03-26,2026-03,C0099,P001,华南,线上,2,1562,977.13,584.87,0
O00585,2026-01-10,2026-01,C0055,P006,华南,直播,3,2493,1563.87,929.13,0
O00586,2026-02-11,2026-02,C0068,P004,华南,直播,1,1199.35,885.65,313.7,0.15
O00587,2026-05-13,2026-05,C0083,P002,西南,线上,2,999.4,735.53,263.87,0.05
O00588,2026-03-08,2026-03,C0092,P007,华南,门店,1,396.9,262.19,134.71,0.1
O00589,2026-06-26,2026-06,C0097,P005,华东,线上,4,2234.4,1257.97,976.43,0.05
O00590,2026-01-24,2026-01,C0083,P004,西南,门店,3,3432.3,2674.31,757.99,0.15
O00591,2026-06-17,2026-06,C0077,P002,东北,线上,1,1382.76,827.08,555.68,0.08
O00592,2026-01-18,2026-01,C0010,P001,东北,直播,3,696,441.2,254.8,0
O00593,2026-06-15,2026-06,C0118,P005,东北,直播,4,1776,948.61,827.39,0
O00594,2026-04-15,2026-04,C0057,P003,华北,门店,1,971.85,569.29,402.56,0.05
O00595,2026-01-08,2026-01,C0107,P007,华南,经销商,2,596,426.11,169.89,0
O00596,2026-03-13,2026-03,C0109,P001,东北,经销商,2,456,228.98,227.02,0
O00597,2026-06-19,2026-06,C0024,P005,华东,线上,1,344.08,180.28,163.8,0.08
O00598,2026-04-09,2026-04,C0084,P005,华南,线上,1,1121.4,652.5,468.9,0.1
O00599,2026-03-17,2026-03,C0035,P001,西南,门店,2,1533.3,1015.08,518.22,0.05
O00600,2026-02-05,2026-02,C0101,P006,华南,线上,3,2388.3,1269.21,1119.09,0.05
O00601,2026-03-05,2026-03,C0037,P003,华东,门店,4,6584,3449.45,3134.55,0
O00602,2026-02-26,2026-02,C0110,P007,华东,经销商,3,1461.15,1280.05,181.1,0.15
O00603,2026-01-02,2026-01,C0013,P001,华南,线上,4,6809.6,3781.04,3028.56,0.05
O00604,2026-05-01,2026-05,C0063,P008,华北,直播,1,280.6,193.14,87.46,0.08
O00605,2026-01-24,2026-01,C0016,P007,华东,直播,4,4248,3187.06,1060.94,0
O00606,2026-04-23,2026-04,C0016,P001,华东,直播,2,416.1,249.3,166.8,0.05
O00607,2026-03-03,2026-03,C0072,P006,华北,门店,1,203.4,118.29,85.11,0.1
O00608,2026-05-25,2026-05,C0015,P007,东北,门店,1,867.6,451.61,415.99,0.1
O00609,2026-05-11,2026-05,C0028,P006,东北,直播,1,230.0,134.39,95.61,0.08
O00610,2026-02-03,2026-02,C0104,P002,东北,经销商,4,5213.6,2646.96,2566.64,0.05
O00611,2026-06-19,2026-06,C0009,P006,东北,门店,1,1398.4,925.56,472.84,0.08
O00612,2026-05-11,2026-05,C0081,P001,华北,线上,5,552.5,393.38,159.12,0.15
O00613,2026-05-18,2026-05,C0099,P004,华南,经销商,4,5184.0,2856.78,2327.22,0.1
O00614,2026-02-07,2026-02,C0103,P007,华东,经销商,3,4788,3509.19,1278.81,0
O00615,2026-06-18,2026-06,C0090,P003,西南,线上,2,201.6,134.69,66.91,0.1
O00616,2026-04-26,2026-04,C0109,P004,东北,门店,1,610.88,512.54,98.34,0.08
O00617,2026-03-19,2026-03,C0075,P006,华南,门店,2,395.6,197.05,198.55,0.08
O00618,2026-01-04,2026-01,C0062,P006,华北,直播,2,393.76,245.38,148.38,0.08
O00619,2026-06-22,2026-06,C0080,P004,东北,直播,2,872.16,489.76,382.4,0.08
O00620,2026-03-11,2026-03,C0097,P004,华东,直播,3,400.2,221.23,178.97,0.08
O00621,2026-06-21,2026-06,C0073,P001,华北,线上,3,4971,2628.08,2342.92,0
O00622,2026-02-09,2026-02,C0078,P005,华东,直播,4,3787.2,2654.38,1132.82,0.1
O00623,2026-02-05,2026-02,C0031,P005,华北,门店,5,1548.5,1250.02,298.48,0.05
O00624,2026-02-05,2026-02,C0075,P003,华南,直播,3,4866,2459.07,2406.93,0
O00625,2026-02-12,2026-02,C0075,P002,华南,门店,4,6244.96,3621.73,2623.23,0.08
O00626,2026-02-08,2026-02,C0092,P005,华南,线上,4,1096,650.74,445.26,0
O00627,2026-01-05,2026-01,C0010,P005,东北,直播,3,4869,3589.67,1279.33,0
O00628,2026-01-19,2026-01,C0109,P007,东北,线上,3,4416.6,3458.59,958.01,0.15
O00629,2026-04-25,2026-04,C0064,P004,华东,门店,5,5440.0,4571.85,868.15,0.15
O00630,2026-04-22,2026-04,C0076,P002,西南,经销商,3,3444.48,1909.08,1535.4,0.08
O00631,2026-06-14,2026-06,C0053,P004,西南,线上,3,3283.2,2327.76,955.44,0.05
O00632,2026-06-29,2026-06,C0080,P001,东北,线上,4,1747.6,1147.82,599.78,0.15
O00633,2026-04-24,2026-04,C0044,P008,西南,门店,2,1962.7,1465.37,497.33,0.05
O00634,2026-04-21,2026-04,C0027,P002,华东,门店,5,4218.2,3518.19,700.01,0.08
O00635,2026-04-05,2026-04,C0049,P006,西南,门店,4,6270.0,3247.83,3022.17,0.05
O00636,2026-06-13,2026-06,C0113,P004,华南,直播,3,933,576.84,356.16,0
O00637,2026-06-07,2026-06,C0083,P007,西南,经销商,1,936.9,624.45,312.45,0.1
O00638,2026-05-28,2026-05,C0045,P006,华东,线上,4,2896,2078.61,817.39,0
O00639,2026-06-23,2026-06,C0051,P003,东北,门店,3,813.45,672.81,140.64,0.15
O00640,2026-06-12,2026-06,C0091,P004,华东,经销商,5,8270,4729.12,3540.88,0
O00641,2026-06-16,2026-06,C0021,P005,华南,线上,1,1206.12,957.54,248.58,0.08
O00642,2026-02-20,2026-02,C0077,P001,东北,线上,5,3927.0,2933.78,993.22,0.15
O00643,2026-01-18,2026-01,C0108,P001,华南,门店,2,433.5,271.39,162.11,0.15
O00644,2026-02-28,2026-02,C0034,P003,西南,线上,2,238,116.07,121.93,0
O00645,2026-02-20,2026-02,C0061,P003,东北,经销商,3,621.0,389.95,231.05,0.1
O00646,2026-04-17,2026-04,C0112,P008,东北,经销商,3,2286,1728.18,557.82,0
O00647,2026-02-11,2026-02,C0012,P005,华南,经销商,1,1358,923.29,434.71,0
O00648,2026-02-03,2026-02,C0044,P006,西南,线上,5,5435,2783.64,2651.36,0
O00649,2026-02-09,2026-02,C0050,P007,东北,线上,3,4644,2441.38,2202.62,0
O00650,2026-05-01,2026-05,C0009,P002,东北,直播,5,1955,1391.93,563.07,0
O00651,2026-04-30,2026-04,C0080,P004,东北,直播,1,1503.65,1071.53,432.12,0.15
O00652,2026-02-05,2026-02,C0025,P001,西南,直播,5,2605,1894.31,710.69,0
O00653,2026-03-03,2026-03,C0065,P005,西南,线上,4,4132.8,2569.27,1563.53,0.1
O00654,2026-01-08,2026-01,C0093,P004,东北,直播,1,478.8,290.45,188.35,0.1
O00655,2026-06-07,2026-06,C0116,P004,华北,经销商,2,948.1,776.91,171.19,0.05
O00656,2026-02-03,2026-02,C0008,P003,东北,经销商,2,1953.2,1486.3,466.9,0.05
O00657,2026-04-12,2026-04,C0067,P006,华北,经销商,3,521.1,320.83,200.27,0.1
O00658,2026-01-13,2026-01,C0066,P006,华东,门店,2,778,589.3,188.7,0
O00659,2026-04-29,2026-04,C0026,P001,华南,经销商,3,874.8,667.82,206.98,0.1
O00660,2026-06-25,2026-06,C0068,P008,华南,线上,3,5004,2427.2,2576.8,0
O00661,2026-06-09,2026-06,C0056,P007,西南,门店,4,820.8,617.9,202.9,0.05
O00662,2026-04-26,2026-04,C0110,P006,华东,经销商,4,5659.84,4332.27,1327.57,0.08
O00663,2026-05-17,2026-05,C0100,P008,华南,直播,3,4041,1958.4,2082.6,0
O00664,2026-01-23,2026-01,C0018,P005,东北,线上,1,1221,574.91,646.09,0
O00665,2026-03-18,2026-03,C0110,P002,华东,直播,3,2632.5,1398.97,1233.53,0.1
O00666,2026-06-28,2026-06,C0092,P002,华南,门店,1,137.75,108.78,28.97,0.05
O00667,2026-05-16,2026-05,C0090,P002,西南,直播,1,727,523.52,203.48,0
O00668,2026-02-13,2026-02,C0023,P004,西南,经销商,4,6057.28,4500.88,1556.4,0.08
O00669,2026-02-01,2026-02,C0059,P004,华东,直播,5,1595,854.37,740.63,0
O00670,2026-05-02,2026-05,C0024,P004,华东,直播,5,8265.0,6093.4,2171.6,0.05
O00671,2026-02-21,2026-02,C0096,P003,东北,经销商,2,2170,1597.66,572.34,0
O00672,2026-03-05,2026-03,C0033,P001,华北,经销商,5,4420.0,2594.87,1825.13,0.15
O00673,2026-03-22,2026-03,C0094,P003,华南,线上,3,4434,2960.52,1473.48,0
O00674,2026-01-01,2026-01,C0074,P004,东北,线上,3,287.85,197.0,90.85,0.05
O00675,2026-03-25,2026-03,C0109,P004,东北,经销商,3,5007.45,4023.73,983.72,0.05
O00676,2026-04-06,2026-04,C0051,P006,东北,线上,4,2644,2012.37,631.63,0
O00677,2026-06-23,2026-06,C0097,P007,华东,线上,5,8135,5853.92,2281.08,0
O00678,2026-02-13,2026-02,C0105,P003,华南,直播,3,1614.6,1195.63,418.97,0.1
O00679,2026-04-22,2026-04,C0018,P005,东北,线上,2,2012.8,1328.48,684.32,0.15
O00680,2026-03-30,2026-03,C0109,P003,东北,线上,3,4995,3660.68,1334.32,0
O00681,2026-05-21,2026-05,C0044,P008,西南,门店,4,6193.44,4767.19,1426.25,0.08
O00682,2026-03-29,2026-03,C0032,P006,华东,线上,1,285,159.02,125.98,0
O00683,2026-01-07,2026-01,C0048,P004,华北,线上,1,1339,822.54,516.46,0
O00684,2026-02-20,2026-02,C0082,P008,华南,经销商,4,2638.56,2193.57,444.99,0.08
O00685,2026-06-13,2026-06,C0041,P008,东北,经销商,3,4508.7,3293.22,1215.48,0.05
O00686,2026-05-27,2026-05,C0077,P002,东北,直播,5,8001.0,4201.29,3799.71,0.1
O00687,2026-04-17,2026-04,C0113,P001,华南,经销商,2,1010,575.28,434.72,0
O00688,2026-06-18,2026-06,C0084,P002,华南,直播,5,694.6,486.97,207.63,0.08
O00689,2026-01-07,2026-01,C0055,P003,华南,经销商,1,410.4,248.99,161.41,0.1
O00690,2026-01-26,2026-01,C0102,P004,东北,直播,5,8605,4494.16,4110.84,0
O00691,2026-02-10,2026-02,C0082,P007,华南,经销商,1,933,520.61,412.39,0
O00692,2026-05-12,2026-05,C0063,P003,华北,门店,5,7290.0,3673.97,3616.03,0.1
O00693,2026-06-04,2026-06,C0107,P007,华南,线上,5,8540,4359.7,4180.3,0
O00694,2026-05-26,2026-05,C0007,P006,东北,门店,1,453.6,230.7,222.9,0.1
O00695,2026-05-11,2026-05,C0120,P008,华南,直播,2,2452,1219.66,1232.34,0
O00696,2026-01-08,2026-01,C0018,P007,东北,门店,5,7068.0,4831.32,2236.68,0.05
O00697,2026-04-18,2026-04,C0066,P004,华东,经销商,4,760,536.07,223.93,0
O00698,2026-02-12,2026-02,C0069,P004,东北,门店,3,1498.5,1200.85,297.65,0.1
O00699,2026-06-04,2026-06,C0116,P003,华北,直播,2,2174.3,1759.55,414.75,0.15
O00700,2026-06-02,2026-06,C0035,P004,西南,线上,4,4504,2752.72,1751.28,0
O00701,2026-04-24,2026-04,C0112,P002,东北,门店,1,1539.9,1152.56,387.34,0.1
O00702,2026-03-23,2026-03,C0022,P008,华北,门店,2,2264.8,1393.98,870.82,0.05
O00703,2026-02-20,2026-02,C0021,P004,华南,经销商,4,2916.0,1924.15,991.85,0.1
O00704,2026-02-11,2026-02,C0058,P004,华东,线上,1,371,239.15,131.85,0
O00705,2026-05-10,2026-05,C0024,P005,华东,直播,4,3908.16,2989.19,918.97,0.08
O00706,2026-05-02,2026-05,C0061,P005,东北,门店,5,2231.0,1564.97,666.03,0.08
O00707,2026-05-09,2026-05,C0030,P003,西南,线上,1,680.0,461.23,218.77,0.15
O00708,2026-04-14,2026-04,C0046,P002,华南,直播,4,2914.6,2094.33,820.27,0.05
O00709,2026-06-15,2026-06,C0060,P003,华东,直播,5,6010,2787.09,3222.91,0
O00710,2026-04-01,2026-04,C0056,P007,西南,线上,5,3450,2183.48,1266.52,0
O00711,2026-06-25,2026-06,C0081,P003,华北,门店,3,4051.68,3131.4,920.28,0.08
O00712,2026-03-29,2026-03,C0071,P003,华北,线上,5,3842.0,2306.09,1535.91,0.15
O00713,2026-02-04,2026-02,C0079,P001,西南,经销商,3,4777.56,3092.27,1685.29,0.08
O00714,2026-04-04,2026-04,C0045,P001,华东,直播,5,5552.75,3863.11,1689.64,0.05
O00715,2026-01-30,2026-01,C0033,P006,华北,经销商,4,4780.8,3381.35,1399.45,0.1
O00716,2026-01-05,2026-01,C0103,P006,华东,线上,4,824.6,622.73,201.87,0.05
O00717,2026-03-12,2026-03,C0037,P006,华东,线上,4,1387.2,937.58,449.62,0.15
O00718,2026-02-19,2026-02,C0008,P004,东北,线上,2,722.0,399.18,322.82,0.05
O00719,2026-04-22,2026-04,C0016,P005,华东,线上,1,336.6,236.28,100.32,0.1
O00720,2026-02-08,2026-02,C0108,P007,华南,直播,2,273.7,197.7,76.0,0.15
